-- phpMyAdmin SQL Dump
-- version 3.3.10
-- http://www.phpmyadmin.net
--
-- Host: devuserdb10.cisme8plcp0e.us-east-1.rds.amazonaws.com
-- Generation Time: Aug 24, 2012 at 09:24 PM
-- Server version: 5.1.57
-- PHP Version: 5.3.8-ZS5.5.0

SET SQL_MODE="NO_AUTO_VALUE_ON_ZERO";


/*!40101 SET @OLD_CHARACTER_SET_CLIENT=@@CHARACTER_SET_CLIENT */;
/*!40101 SET @OLD_CHARACTER_SET_RESULTS=@@CHARACTER_SET_RESULTS */;
/*!40101 SET @OLD_COLLATION_CONNECTION=@@COLLATION_CONNECTION */;
/*!40101 SET NAMES utf8 */;

--
-- Database: `myhrm`
--

-- --------------------------------------------------------

--
-- Table structure for table `project`
--

CREATE TABLE IF NOT EXISTS `project` (
  `projectID` int(8) NOT NULL AUTO_INCREMENT,
  `projecttitle` varchar(255) NOT NULL,
  `projectdesc` text NOT NULL,
  `startdate` date NOT NULL,
  `enddate` date NOT NULL,
  `status` enum('Open','Public','Cancel','Closed') NOT NULL DEFAULT 'Open',
  PRIMARY KEY (`projectID`)
) ENGINE=InnoDB  DEFAULT CHARSET=utf8 AUTO_INCREMENT=51 ;

--
-- Dumping data for table `project`
--

INSERT INTO `project` (`projectID`, `projecttitle`, `projectdesc`, `startdate`, `enddate`, `status`) VALUES
(1, 'Lorem ipsum dolor', 'Lorem ipsum dolor sit', '2012-10-02', '2013-01-13', 'Open'),
(2, 'Lorem ipsum dolor sit amet, consectetuer adipiscing elit. Curabitur sed tortor. Integer aliquam', 'Lorem ipsum dolor sit amet, consectetuer', '2012-11-23', '2012-08-10', 'Public'),
(3, 'Lorem ipsum dolor sit amet, consectetuer adipiscing elit.', 'Lorem ipsum dolor sit amet, consectetuer adipiscing elit. Curabitur sed tortor. Integer aliquam adipiscing lacus. Ut nec urna et arcu imperdiet ullamcorper. Duis at lacus. Quisque purus sapien, gravida non, sollicitudin a, malesuada id,', '2012-10-20', '2012-12-03', 'Public'),
(4, 'Lorem ipsum dolor sit amet, consectetuer adipiscing elit. Curabitur sed tortor.', 'Lorem ipsum dolor sit amet,', '2012-09-28', '2012-10-13', 'Open'),
(5, 'Lorem ipsum dolor sit amet, consectetuer adipiscing elit. Curabitur sed tortor. Integer aliquam adipiscing lacus. Ut nec', 'Lorem ipsum dolor sit amet,', '2012-11-29', '2012-09-25', 'Public'),
(6, 'Lorem ipsum dolor sit amet, consectetuer adipiscing elit. Curabitur sed tortor. Integer aliquam adipiscing lacus.', 'Lorem ipsum dolor sit amet, consectetuer adipiscing elit. Curabitur sed tortor. Integer aliquam adipiscing lacus. Ut nec urna et arcu imperdiet ullamcorper. Duis at lacus. Quisque purus', '2012-11-26', '2012-12-12', 'Public'),
(7, 'Lorem ipsum dolor sit amet, consectetuer adipiscing elit. Curabitur sed tortor. Integer aliquam adipiscing lacus. Ut nec urna', 'Lorem', '2012-09-10', '2012-12-01', 'Public'),
(8, 'Lorem ipsum dolor sit amet, consectetuer adipiscing elit. Curabitur sed tortor. Integer aliquam adipiscing lacus.', 'Lorem ipsum dolor sit amet, consectetuer adipiscing elit. Curabitur sed tortor. Integer aliquam adipiscing lacus. Ut nec urna et', '2012-10-22', '2012-12-27', 'Public'),
(9, 'Lorem', 'Lorem ipsum dolor sit amet, consectetuer adipiscing elit. Curabitur sed tortor. Integer', '2012-12-17', '2012-08-17', 'Public'),
(10, 'Lorem', 'Lorem ipsum dolor sit amet, consectetuer adipiscing elit. Curabitur sed tortor. Integer aliquam adipiscing lacus. Ut nec urna et arcu imperdiet ullamcorper. Duis at lacus. Quisque purus sapien, gravida non, sollicitudin a, malesuada id, erat. Etiam vestibulum massa rutrum magna. Cras', '2012-09-28', '2012-09-24', 'Open'),
(11, 'Lorem ipsum dolor sit amet, consectetuer adipiscing elit. Curabitur sed tortor.', 'Lorem ipsum dolor sit amet, consectetuer adipiscing elit. Curabitur sed tortor. Integer aliquam adipiscing lacus. Ut nec urna et arcu imperdiet ullamcorper. Duis at lacus. Quisque purus sapien, gravida non, sollicitudin a, malesuada id, erat. Etiam', '2012-11-10', '2013-01-30', 'Closed'),
(12, 'Lorem ipsum dolor sit amet, consectetuer adipiscing elit. Curabitur sed tortor. Integer aliquam adipiscing lacus. Ut nec', 'Lorem ipsum dolor', '2012-11-25', '2012-09-01', 'Cancel'),
(13, 'Lorem ipsum dolor sit amet, consectetuer adipiscing elit.', 'Lorem ipsum dolor sit amet, consectetuer adipiscing elit. Curabitur sed tortor. Integer aliquam adipiscing lacus. Ut nec urna et arcu imperdiet ullamcorper.', '2012-10-28', '2012-08-30', 'Closed'),
(14, 'Lorem ipsum dolor sit amet, consectetuer adipiscing elit. Curabitur', 'Lorem ipsum dolor sit amet, consectetuer adipiscing elit. Curabitur sed tortor. Integer aliquam adipiscing lacus.', '2012-08-03', '2012-08-29', 'Public'),
(15, 'Lorem ipsum dolor sit amet, consectetuer adipiscing elit. Curabitur sed tortor. Integer aliquam adipiscing lacus.', 'Lorem ipsum dolor', '2012-08-10', '2012-09-02', 'Closed'),
(16, 'Lorem ipsum dolor sit amet, consectetuer adipiscing elit. Curabitur sed tortor. Integer aliquam adipiscing lacus. Ut nec urna', 'Lorem ipsum dolor sit amet, consectetuer adipiscing elit. Curabitur sed tortor. Integer aliquam adipiscing lacus. Ut nec urna et arcu imperdiet ullamcorper. Duis at lacus. Quisque purus sapien, gravida non,', '2012-11-11', '2012-08-19', 'Cancel'),
(17, 'Lorem ipsum dolor sit amet, consectetuer adipiscing elit. Curabitur sed tortor. Integer aliquam adipiscing lacus. Ut nec urna', 'Lorem ipsum dolor sit amet, consectetuer adipiscing elit. Curabitur sed tortor. Integer aliquam adipiscing lacus. Ut nec urna et arcu imperdiet ullamcorper. Duis at lacus. Quisque purus sapien, gravida non, sollicitudin a, malesuada id, erat. Etiam vestibulum massa rutrum magna. Cras convallis convallis dolor. Quisque tincidunt pede ac', '2012-12-08', '2012-11-20', 'Public'),
(18, 'Lorem ipsum dolor sit amet, consectetuer adipiscing elit. Curabitur sed tortor. Integer aliquam adipiscing lacus. Ut nec urna et', 'Lorem ipsum dolor sit amet, consectetuer adipiscing elit. Curabitur sed tortor. Integer aliquam adipiscing lacus. Ut nec urna et arcu imperdiet ullamcorper. Duis at lacus. Quisque purus sapien,', '2012-08-12', '2013-01-07', 'Cancel'),
(19, 'Lorem ipsum dolor sit amet,', 'Lorem ipsum dolor sit amet, consectetuer adipiscing elit. Curabitur sed tortor. Integer aliquam adipiscing lacus. Ut nec urna et arcu imperdiet ullamcorper. Duis at lacus. Quisque', '2012-08-16', '2012-11-03', 'Public'),
(20, 'Lorem ipsum dolor sit amet, consectetuer adipiscing elit. Curabitur sed tortor. Integer aliquam adipiscing lacus. Ut', 'Lorem ipsum dolor sit amet, consectetuer adipiscing elit. Curabitur sed tortor. Integer aliquam adipiscing lacus. Ut nec urna et arcu imperdiet ullamcorper. Duis at lacus. Quisque purus sapien, gravida non,', '2012-11-28', '2012-08-23', 'Open'),
(21, 'Lorem ipsum dolor sit amet, consectetuer adipiscing elit. Curabitur sed tortor.', 'Lorem ipsum dolor sit', '2012-09-03', '2013-01-07', 'Open'),
(22, 'Lorem ipsum dolor sit amet, consectetuer adipiscing elit. Curabitur sed tortor. Integer aliquam adipiscing lacus. Ut nec urna et arcu', 'Lorem ipsum dolor sit amet, consectetuer adipiscing elit. Curabitur sed tortor. Integer aliquam adipiscing lacus. Ut nec urna et arcu imperdiet ullamcorper. Duis at lacus. Quisque purus sapien, gravida non, sollicitudin a, malesuada id, erat. Etiam vestibulum massa rutrum', '2012-09-30', '2012-11-12', 'Public'),
(23, 'Lorem ipsum dolor sit amet, consectetuer adipiscing elit. Curabitur sed tortor. Integer aliquam adipiscing lacus.', 'Lorem ipsum dolor sit amet, consectetuer adipiscing elit. Curabitur sed tortor. Integer aliquam adipiscing lacus. Ut nec urna et arcu imperdiet ullamcorper. Duis at lacus. Quisque purus sapien, gravida non, sollicitudin a, malesuada id, erat. Etiam vestibulum massa rutrum magna. Cras convallis convallis dolor. Quisque tincidunt pede ac urna. Ut', '2012-11-24', '2012-10-05', 'Cancel'),
(24, 'Lorem ipsum dolor sit amet, consectetuer adipiscing elit. Curabitur', 'Lorem ipsum dolor sit amet, consectetuer adipiscing elit. Curabitur sed tortor. Integer aliquam adipiscing lacus. Ut nec urna et arcu imperdiet ullamcorper. Duis at lacus. Quisque purus sapien, gravida non, sollicitudin a, malesuada id, erat. Etiam vestibulum massa rutrum magna. Cras convallis convallis dolor. Quisque', '2012-08-13', '2012-10-28', 'Public'),
(25, 'Lorem ipsum dolor sit amet, consectetuer adipiscing elit.', 'Lorem ipsum dolor sit amet, consectetuer adipiscing elit. Curabitur sed tortor. Integer aliquam adipiscing lacus. Ut nec urna et arcu imperdiet ullamcorper. Duis at lacus. Quisque purus sapien, gravida non, sollicitudin a, malesuada id, erat. Etiam vestibulum massa rutrum magna. Cras convallis convallis dolor. Quisque tincidunt pede ac', '2012-11-18', '2012-09-27', 'Public'),
(26, 'Lorem ipsum dolor sit amet, consectetuer adipiscing elit. Curabitur sed tortor. Integer aliquam', 'Lorem ipsum dolor sit amet, consectetuer adipiscing elit. Curabitur sed tortor. Integer aliquam adipiscing lacus. Ut nec urna et arcu imperdiet ullamcorper. Duis at lacus. Quisque purus sapien, gravida non, sollicitudin a, malesuada id, erat.', '2012-10-28', '2012-10-11', 'Public'),
(27, 'Lorem ipsum dolor sit amet, consectetuer adipiscing', 'Lorem ipsum dolor sit amet, consectetuer adipiscing elit. Curabitur sed tortor. Integer aliquam adipiscing lacus. Ut nec urna et arcu imperdiet ullamcorper. Duis at lacus. Quisque purus sapien,', '2012-10-07', '2012-08-24', 'Public'),
(28, 'Lorem ipsum dolor sit amet, consectetuer adipiscing elit. Curabitur sed tortor. Integer aliquam adipiscing lacus. Ut', 'Lorem ipsum dolor sit amet, consectetuer adipiscing elit. Curabitur sed tortor. Integer aliquam adipiscing lacus. Ut nec urna et arcu imperdiet ullamcorper. Duis at lacus. Quisque purus sapien, gravida non, sollicitudin a, malesuada id, erat. Etiam vestibulum massa rutrum magna. Cras convallis convallis dolor. Quisque tincidunt pede ac', '2012-09-23', '2012-08-28', 'Public'),
(29, 'Lorem ipsum dolor sit amet, consectetuer adipiscing elit. Curabitur', 'Lorem ipsum dolor sit amet, consectetuer adipiscing elit. Curabitur sed tortor. Integer aliquam adipiscing lacus. Ut nec urna et arcu imperdiet ullamcorper. Duis at lacus. Quisque purus sapien, gravida non, sollicitudin a, malesuada id, erat. Etiam vestibulum massa', '2012-08-29', '2012-12-10', 'Cancel'),
(30, 'Lorem ipsum dolor sit amet, consectetuer adipiscing elit. Curabitur sed tortor. Integer aliquam adipiscing lacus.', 'Lorem ipsum dolor', '2012-11-16', '2012-12-03', 'Open'),
(31, 'Lorem ipsum dolor sit amet, consectetuer adipiscing elit. Curabitur sed tortor. Integer aliquam', 'Lorem ipsum dolor sit amet, consectetuer adipiscing elit. Curabitur sed tortor. Integer aliquam adipiscing lacus. Ut', '2012-10-29', '2012-09-16', 'Public'),
(32, 'Lorem ipsum dolor sit amet, consectetuer adipiscing elit. Curabitur sed tortor. Integer aliquam adipiscing lacus. Ut nec', 'Lorem ipsum dolor sit amet, consectetuer adipiscing elit. Curabitur sed tortor. Integer aliquam adipiscing lacus. Ut nec urna et arcu imperdiet ullamcorper. Duis at lacus. Quisque purus sapien, gravida non, sollicitudin a, malesuada id, erat. Etiam vestibulum massa rutrum magna. Cras convallis convallis', '2012-08-07', '2012-09-01', 'Open'),
(33, 'Lorem ipsum dolor sit amet, consectetuer adipiscing elit. Curabitur sed tortor. Integer aliquam adipiscing lacus. Ut nec urna et', 'Lorem ipsum dolor sit amet, consectetuer adipiscing elit. Curabitur sed tortor. Integer aliquam adipiscing lacus. Ut nec urna et arcu imperdiet ullamcorper. Duis at lacus. Quisque purus sapien, gravida non, sollicitudin a, malesuada id, erat. Etiam vestibulum massa rutrum magna. Cras convallis', '2012-10-22', '2012-12-29', 'Closed'),
(34, 'Lorem ipsum dolor sit amet, consectetuer adipiscing elit. Curabitur sed tortor. Integer aliquam adipiscing lacus. Ut nec urna', 'Lorem ipsum dolor sit amet, consectetuer adipiscing elit. Curabitur sed tortor. Integer aliquam adipiscing lacus. Ut nec urna et arcu imperdiet ullamcorper. Duis at lacus. Quisque purus sapien, gravida non, sollicitudin a, malesuada id, erat. Etiam vestibulum massa rutrum magna.', '2012-12-18', '2012-09-10', 'Cancel'),
(35, 'Lorem ipsum dolor sit amet, consectetuer adipiscing elit. Curabitur sed tortor. Integer aliquam adipiscing lacus. Ut nec', 'Lorem ipsum dolor sit amet, consectetuer adipiscing elit. Curabitur sed tortor. Integer aliquam adipiscing lacus. Ut nec urna et arcu imperdiet ullamcorper. Duis at lacus. Quisque purus sapien,', '2012-10-19', '2012-10-23', 'Public'),
(36, 'Lorem ipsum dolor sit amet,', 'Lorem ipsum dolor sit amet, consectetuer adipiscing elit. Curabitur sed tortor. Integer aliquam adipiscing lacus. Ut nec urna et arcu imperdiet ullamcorper. Duis at lacus. Quisque purus sapien, gravida', '2012-10-27', '2012-12-01', 'Cancel'),
(37, 'Lorem ipsum dolor sit amet, consectetuer adipiscing elit. Curabitur sed tortor. Integer aliquam adipiscing lacus. Ut nec urna et arcu', 'Lorem ipsum dolor sit amet, consectetuer adipiscing elit. Curabitur sed tortor. Integer aliquam adipiscing lacus. Ut nec urna et arcu imperdiet ullamcorper. Duis at lacus.', '2012-09-18', '2012-12-30', 'Open'),
(38, 'Lorem ipsum', 'Lorem ipsum dolor sit amet, consectetuer adipiscing elit. Curabitur sed tortor. Integer aliquam adipiscing lacus. Ut nec urna et arcu imperdiet ullamcorper. Duis at lacus. Quisque purus', '2012-09-18', '2013-01-12', 'Public'),
(39, 'Lorem ipsum dolor sit amet, consectetuer adipiscing elit.', 'Lorem ipsum dolor sit amet, consectetuer adipiscing elit. Curabitur sed tortor. Integer aliquam adipiscing lacus. Ut nec urna et arcu imperdiet ullamcorper. Duis at lacus. Quisque purus sapien, gravida non, sollicitudin a, malesuada id, erat. Etiam vestibulum massa rutrum magna. Cras convallis convallis dolor. Quisque tincidunt pede', '2012-10-03', '2012-09-16', 'Open'),
(40, 'Lorem ipsum dolor sit amet, consectetuer adipiscing elit. Curabitur sed tortor. Integer aliquam adipiscing lacus.', 'Lorem ipsum dolor sit amet, consectetuer adipiscing elit. Curabitur sed tortor. Integer aliquam adipiscing lacus. Ut nec urna et arcu imperdiet ullamcorper. Duis at lacus. Quisque purus sapien, gravida non, sollicitudin a, malesuada', '2012-11-20', '2012-08-10', 'Open'),
(41, 'Lorem ipsum dolor sit amet, consectetuer adipiscing elit. Curabitur sed tortor.', 'Lorem ipsum dolor sit amet, consectetuer adipiscing elit. Curabitur sed tortor. Integer aliquam', '2012-11-05', '2012-10-12', 'Cancel'),
(42, 'Lorem ipsum dolor sit amet, consectetuer adipiscing elit. Curabitur sed', 'Lorem ipsum dolor sit amet, consectetuer adipiscing elit. Curabitur sed tortor. Integer aliquam adipiscing lacus. Ut', '2012-10-23', '2013-01-14', 'Cancel'),
(43, 'Lorem ipsum dolor sit', 'Lorem ipsum dolor sit amet, consectetuer adipiscing elit. Curabitur sed tortor. Integer aliquam adipiscing lacus. Ut nec urna et arcu imperdiet ullamcorper. Duis at lacus. Quisque purus sapien, gravida non, sollicitudin', '2012-09-27', '2012-11-03', 'Public'),
(44, 'Lorem ipsum dolor sit amet, consectetuer', 'Lorem ipsum dolor sit', '2012-11-29', '2012-09-26', 'Public'),
(45, 'Lorem ipsum dolor sit amet, consectetuer adipiscing elit. Curabitur sed tortor. Integer aliquam adipiscing lacus. Ut nec urna et', 'Lorem ipsum dolor sit amet, consectetuer adipiscing elit. Curabitur sed tortor.', '2012-09-30', '2012-11-09', 'Cancel'),
(46, 'Lorem ipsum dolor sit amet, consectetuer adipiscing elit. Curabitur sed tortor. Integer aliquam adipiscing lacus. Ut nec urna et arcu', 'Lorem ipsum dolor sit amet, consectetuer adipiscing elit. Curabitur sed tortor. Integer aliquam adipiscing lacus. Ut nec urna et arcu imperdiet ullamcorper. Duis at lacus. Quisque', '2012-09-15', '2012-10-27', 'Open'),
(47, 'Lorem ipsum dolor sit amet, consectetuer adipiscing elit. Curabitur', 'Lorem ipsum dolor sit amet, consectetuer adipiscing elit. Curabitur sed tortor. Integer aliquam adipiscing', '2012-12-07', '2012-10-02', 'Public'),
(48, 'Lorem ipsum dolor sit amet, consectetuer adipiscing', 'Lorem ipsum dolor sit amet, consectetuer adipiscing elit.', '2012-09-06', '2012-12-21', 'Open'),
(49, 'Lorem ipsum dolor sit amet, consectetuer adipiscing elit. Curabitur sed tortor. Integer aliquam adipiscing lacus. Ut', 'Lorem ipsum dolor sit amet, consectetuer adipiscing', '2012-12-17', '2012-12-24', 'Closed'),
(50, 'Lorem ipsum dolor sit amet, consectetuer adipiscing elit. Curabitur sed tortor. Integer aliquam adipiscing lacus.', 'Lorem ipsum dolor sit amet, consectetuer adipiscing elit. Curabitur sed tortor. Integer aliquam adipiscing lacus. Ut nec urna et arcu imperdiet ullamcorper. Duis at lacus. Quisque purus sapien, gravida non, sollicitudin a, malesuada id, erat.', '2012-08-25', '2012-11-12', 'Cancel');

-- --------------------------------------------------------

--
-- Table structure for table `task`
--

CREATE TABLE IF NOT EXISTS `task` (
  `taskID` int(11) NOT NULL AUTO_INCREMENT,
  `tasktitle` varchar(255) NOT NULL,
  `taskdesc` text NOT NULL,
  `startdate` date NOT NULL,
  `enddate` date NOT NULL,
  `status` enum('Open','Public','Cancel','Closed') NOT NULL DEFAULT 'Open',
  `project_id` int(8) NOT NULL,
  `user_id` int(8) DEFAULT NULL,
  PRIMARY KEY (`taskID`),
  KEY `project_id` (`project_id`),
  KEY `user_id` (`user_id`)
) ENGINE=InnoDB  DEFAULT CHARSET=utf8 AUTO_INCREMENT=201 ;

--
-- Dumping data for table `task`
--

INSERT INTO `task` (`taskID`, `tasktitle`, `taskdesc`, `startdate`, `enddate`, `status`, `project_id`, `user_id`) VALUES
(1, 'Lorem ipsum', 'euismod est arcu ac orci. Ut semper pretium neque. Morbi quis urna. Nunc quis arcu vel quam dignissim pharetra. Nam ac nulla. In tincidunt congue turpis. In condimentum. Donec at arcu. Vestibulum ante ipsum primis in faucibus orci', '2012-09-02', '2012-09-23', 'Public', 17, 2),
(2, 'Lorem ipsum dolor sit', 'augue eu tellus. Phasellus elit pede, malesuada vel, venenatis vel, faucibus id, libero. Donec consectetuer mauris id sapien. Cras dolor dolor, tempus non, lacinia at, iaculis quis, pede. Praesent eu dui. Cum sociis natoque penatibus et magnis', '2012-10-03', '2012-11-25', 'Public', 38, 2),
(3, 'Lorem ipsum dolor sit', 'egestas.', '2012-12-12', '2012-09-22', 'Open', 27, 19),
(4, 'Lorem ipsum dolor sit', 'Aenean sed pede nec ante blandit viverra. Donec tempus, lorem fringilla', '2012-09-14', '2012-09-01', 'Cancel', 3, 16),
(5, 'Lorem ipsum dolor sit', 'Morbi sit amet massa. Quisque porttitor eros nec tellus. Nunc lectus pede, ultrices a, auctor non, feugiat nec, diam. Duis mi enim, condimentum eget, volutpat ornare, facilisis eget, ipsum. Donec sollicitudin adipiscing ligula. Aenean gravida nunc sed pede. Cum', '2012-09-17', '2012-09-03', 'Open', 32, 11),
(6, 'Lorem ipsum', 'non ante bibendum ullamcorper. Duis cursus, diam at pretium aliquet, metus urna convallis erat,', '2012-12-08', '2012-09-09', 'Public', 10, 9),
(7, 'Lorem ipsum', 'metus. Aliquam erat volutpat. Nulla facilisis. Suspendisse commodo tincidunt nibh. Phasellus nulla. Integer', '2012-11-25', '2012-09-23', 'Cancel', 13, 14),
(8, 'Lorem ipsum dolor sit', 'erat vel pede blandit congue. In scelerisque scelerisque dui. Suspendisse ac metus vitae velit egestas lacinia. Sed congue, elit sed consequat auctor, nunc nulla vulputate dui, nec tempus mauris erat eget ipsum. Suspendisse sagittis. Nullam vitae diam. Proin dolor. Nulla semper tellus id nunc interdum feugiat.', '2012-09-24', '2013-01-03', 'Cancel', 47, 11),
(9, 'Lorem ipsum dolor', 'malesuada fames ac turpis egestas. Fusce aliquet magna a neque. Nullam ut nisi', '2012-12-08', '2012-11-29', 'Open', 50, 5),
(10, 'Lorem ipsum dolor sit amet,', 'Morbi metus. Vivamus euismod urna. Nullam lobortis quam a felis ullamcorper viverra. Maecenas iaculis aliquet diam. Sed diam lorem, auctor quis, tristique ac, eleifend vitae, erat. Vivamus nisi. Mauris nulla. Integer', '2012-09-06', '2012-12-17', 'Open', 6, 7),
(11, 'Lorem ipsum dolor sit amet,', 'lacinia at, iaculis quis, pede. Praesent eu dui. Cum sociis natoque penatibus et magnis dis parturient montes, nascetur ridiculus mus. Aenean eget magna. Suspendisse tristique neque venenatis lacus. Etiam bibendum fermentum metus. Aenean sed pede nec ante blandit viverra. Donec tempus, lorem fringilla ornare placerat, orci lacus vestibulum lorem,', '2012-12-09', '2012-12-13', 'Open', 22, 20),
(12, 'Lorem ipsum dolor sit amet,', 'luctus, ipsum leo elementum sem, vitae aliquam eros turpis', '2012-11-18', '2012-12-29', 'Public', 10, 11),
(13, 'Lorem ipsum', 'nec, euismod in, dolor. Fusce feugiat. Lorem ipsum dolor sit amet, consectetuer adipiscing', '2012-09-08', '2012-09-21', 'Cancel', 22, 18),
(14, 'Lorem ipsum dolor', 'Cras eget nisi dictum augue malesuada malesuada. Integer id magna et ipsum cursus vestibulum. Mauris magna. Duis dignissim tempor arcu. Vestibulum ut eros non enim commodo hendrerit. Donec porttitor tellus non magna. Nam ligula elit, pretium et, rutrum non, hendrerit', '2012-12-13', '2012-11-14', 'Open', 47, 3),
(15, 'Lorem ipsum dolor sit', 'facilisis. Suspendisse commodo tincidunt nibh. Phasellus nulla. Integer vulputate, risus a ultricies adipiscing, enim mi tempor lorem, eget mollis lectus pede et risus. Quisque libero lacus, varius et, euismod et,', '2012-12-04', '2012-09-27', 'Closed', 1, 7),
(16, 'Lorem ipsum dolor', 'mi. Aliquam gravida mauris ut mi. Duis risus odio,', '2012-08-26', '2012-12-27', 'Cancel', 1, 12),
(17, 'Lorem ipsum dolor', 'nec metus facilisis lorem tristique aliquet. Phasellus fermentum convallis ligula. Donec luctus aliquet odio. Etiam ligula tortor, dictum eu, placerat eget, venenatis a, magna. Lorem ipsum dolor sit amet, consectetuer adipiscing elit. Etiam laoreet, libero et tristique pellentesque, tellus sem mollis dui, in sodales elit erat vitae risus. Duis a', '2012-10-20', '2012-12-17', 'Cancel', 12, 12),
(18, 'Lorem', 'aliquet, sem ut cursus luctus, ipsum leo elementum sem, vitae aliquam eros turpis non enim. Mauris quis turpis vitae purus gravida sagittis. Duis gravida. Praesent eu nulla at sem molestie sodales. Mauris blandit enim consequat purus. Maecenas libero est, congue a,', '2012-11-17', '2012-11-13', 'Closed', 26, 3),
(19, 'Lorem ipsum dolor sit', 'vitae aliquam eros turpis non enim. Mauris quis turpis vitae purus gravida sagittis. Duis gravida. Praesent eu nulla at sem molestie', '2012-10-23', '2012-12-23', 'Public', 23, 5),
(20, 'Lorem ipsum', 'Donec tempus, lorem fringilla ornare placerat, orci lacus vestibulum lorem, sit amet ultricies sem magna nec quam. Curabitur vel lectus. Cum sociis', '2012-10-15', '2012-11-13', 'Open', 9, 20),
(21, 'Lorem ipsum dolor sit', 'pede. Cum sociis natoque penatibus et magnis dis parturient montes, nascetur ridiculus mus. Proin vel arcu eu odio tristique pharetra. Quisque ac libero nec ligula consectetuer rhoncus. Nullam velit dui, semper et, lacinia vitae, sodales at, velit. Pellentesque ultricies dignissim lacus. Aliquam rutrum lorem ac risus. Morbi metus. Vivamus', '2012-10-16', '2013-01-06', 'Cancel', 12, 5),
(22, 'Lorem ipsum', 'commodo hendrerit. Donec porttitor tellus non magna. Nam ligula elit, pretium et, rutrum non, hendrerit id, ante. Nunc mauris', '2012-12-23', '2013-01-21', 'Closed', 50, 2),
(23, 'Lorem ipsum dolor', 'diam eu dolor egestas rhoncus. Proin nisl', '2012-08-26', '2012-11-11', 'Closed', 22, 13),
(24, 'Lorem', 'cubilia Curae; Phasellus ornare. Fusce', '2012-10-18', '2012-12-02', 'Public', 34, 9),
(25, 'Lorem ipsum', 'orci.', '2012-08-22', '2013-01-27', 'Cancel', 39, 20),
(26, 'Lorem ipsum dolor sit', 'nunc. In at pede. Cras vulputate velit eu sem. Pellentesque ut ipsum ac mi eleifend egestas. Sed pharetra,', '2012-10-19', '2012-11-20', 'Cancel', 12, 19),
(27, 'Lorem ipsum dolor sit amet,', 'ipsum leo elementum sem, vitae aliquam eros turpis non enim. Mauris quis turpis vitae purus gravida sagittis. Duis gravida. Praesent eu nulla at sem', '2012-12-20', '2012-11-25', 'Closed', 45, 6),
(28, 'Lorem ipsum dolor sit', 'fermentum vel, mauris. Integer sem elit, pharetra', '2012-10-18', '2012-12-06', 'Open', 44, 18),
(29, 'Lorem ipsum dolor sit', 'bibendum. Donec felis orci, adipiscing non, luctus sit amet, faucibus ut, nulla. Cras eu tellus eu augue porttitor interdum. Sed auctor odio a purus. Duis elementum, dui quis accumsan convallis, ante lectus convallis est, vitae sodales nisi magna sed dui. Fusce aliquam, enim nec tempus scelerisque, lorem ipsum sodales', '2012-09-24', '2012-08-25', 'Public', 10, 20),
(30, 'Lorem ipsum dolor', 'Aliquam', '2012-11-23', '2012-12-10', 'Public', 48, 16),
(31, 'Lorem ipsum dolor sit amet,', 'nec urna et arcu imperdiet', '2012-09-23', '2012-10-26', 'Open', 14, 7),
(32, 'Lorem', 'id nunc interdum feugiat. Sed nec metus facilisis lorem tristique aliquet. Phasellus', '2012-10-12', '2012-09-16', 'Open', 24, 10),
(33, 'Lorem ipsum dolor sit', 'lobortis, nisi nibh lacinia orci, consectetuer euismod est arcu ac orci. Ut semper pretium neque. Morbi quis urna. Nunc quis arcu vel quam dignissim pharetra. Nam ac nulla. In tincidunt congue turpis. In condimentum. Donec at arcu. Vestibulum ante ipsum primis in faucibus orci luctus et ultrices', '2012-11-25', '2012-10-01', 'Closed', 44, 15),
(34, 'Lorem ipsum dolor sit amet,', 'Donec est. Nunc ullamcorper, velit in aliquet lobortis, nisi nibh lacinia orci, consectetuer euismod est arcu ac orci. Ut semper pretium neque. Morbi quis urna. Nunc quis arcu vel quam dignissim pharetra. Nam ac nulla. In tincidunt congue turpis. In condimentum. Donec at arcu. Vestibulum ante ipsum primis in faucibus', '2012-11-04', '2012-11-16', 'Open', 25, 4),
(35, 'Lorem ipsum dolor sit', 'quis turpis vitae purus gravida sagittis. Duis gravida. Praesent eu nulla at sem molestie sodales. Mauris blandit enim consequat purus. Maecenas libero est, congue a, aliquet', '2012-09-25', '2012-09-01', 'Closed', 38, 9),
(36, 'Lorem ipsum dolor sit', 'amet, consectetuer adipiscing elit. Curabitur sed tortor. Integer aliquam adipiscing lacus. Ut nec urna et arcu imperdiet ullamcorper. Duis at lacus. Quisque purus sapien, gravida non,', '2012-10-23', '2012-10-25', 'Cancel', 50, 16),
(37, 'Lorem ipsum', 'viverra. Donec tempus, lorem fringilla ornare placerat, orci lacus vestibulum lorem, sit amet ultricies sem magna nec quam. Curabitur vel lectus. Cum sociis natoque penatibus et magnis dis parturient montes, nascetur ridiculus mus. Donec dignissim magna', '2012-11-15', '2012-09-20', 'Open', 13, 11),
(38, 'Lorem ipsum dolor', 'In faucibus. Morbi vehicula. Pellentesque tincidunt tempus risus. Donec egestas. Duis ac arcu. Nunc mauris. Morbi non sapien molestie orci tincidunt adipiscing. Mauris molestie pharetra nibh. Aliquam ornare, libero at auctor ullamcorper, nisl arcu iaculis enim, sit amet ornare lectus justo eu arcu. Morbi sit amet massa. Quisque porttitor', '2012-09-03', '2012-10-06', 'Open', 3, 8),
(39, 'Lorem ipsum', 'Etiam laoreet, libero et tristique pellentesque, tellus sem mollis dui, in', '2012-09-17', '2012-11-01', 'Open', 6, 6),
(40, 'Lorem', 'ligula tortor, dictum eu, placerat eget,', '2012-10-28', '2012-12-25', 'Cancel', 50, 20),
(41, 'Lorem ipsum dolor', 'est ac mattis semper, dui lectus rutrum urna, nec luctus felis purus ac tellus. Suspendisse sed dolor. Fusce mi lorem, vehicula et, rutrum eu, ultrices sit amet, risus. Donec nibh enim, gravida sit amet,', '2012-12-10', '2013-01-14', 'Closed', 34, 16),
(42, 'Lorem ipsum dolor sit', 'iaculis quis, pede. Praesent eu dui. Cum sociis natoque penatibus et magnis dis parturient montes, nascetur ridiculus mus. Aenean eget magna. Suspendisse tristique neque venenatis lacus. Etiam bibendum fermentum metus. Aenean sed pede nec ante blandit viverra. Donec tempus, lorem fringilla ornare placerat, orci lacus vestibulum lorem, sit', '2012-10-29', '2013-01-01', 'Open', 36, 20),
(43, 'Lorem ipsum dolor sit amet,', 'lorem, sit amet ultricies sem magna nec quam. Curabitur vel lectus. Cum sociis natoque penatibus et magnis dis parturient montes, nascetur ridiculus mus. Donec dignissim', '2012-09-30', '2012-09-10', 'Cancel', 43, 2),
(44, 'Lorem ipsum dolor sit amet,', 'sit amet massa. Quisque porttitor eros nec tellus. Nunc lectus pede, ultrices a, auctor non, feugiat nec, diam. Duis mi enim, condimentum eget, volutpat ornare, facilisis eget, ipsum. Donec sollicitudin adipiscing ligula.', '2012-11-19', '2012-12-02', 'Closed', 24, 18),
(45, 'Lorem ipsum dolor sit amet,', 'id, erat. Etiam vestibulum massa rutrum magna. Cras convallis convallis dolor. Quisque tincidunt pede ac urna. Ut tincidunt vehicula risus. Nulla eget metus eu erat semper rutrum. Fusce dolor quam, elementum at, egestas a, scelerisque sed, sapien. Nunc pulvinar arcu et pede. Nunc sed orci lobortis augue scelerisque mollis.', '2012-10-29', '2012-09-06', 'Cancel', 49, 9),
(46, 'Lorem ipsum dolor sit', 'ac metus vitae velit egestas lacinia. Sed congue, elit sed consequat auctor, nunc nulla vulputate dui, nec tempus mauris erat eget ipsum. Suspendisse sagittis. Nullam vitae diam. Proin dolor. Nulla semper tellus', '2012-09-05', '2012-12-08', 'Closed', 19, 6),
(47, 'Lorem ipsum dolor sit amet,', 'augue, eu tempor', '2012-09-13', '2012-09-16', 'Open', 5, 16),
(48, 'Lorem ipsum', 'molestie. Sed id risus quis diam luctus lobortis. Class aptent taciti sociosqu ad litora torquent per conubia nostra, per inceptos', '2012-10-21', '2012-11-30', 'Open', 31, 14),
(49, 'Lorem ipsum dolor sit', 'pede sagittis augue, eu tempor erat neque non quam. Pellentesque habitant morbi tristique senectus et netus et malesuada fames ac turpis egestas. Aliquam fringilla cursus purus. Nullam scelerisque neque sed sem egestas', '2012-12-14', '2012-10-28', 'Closed', 43, 20),
(50, 'Lorem ipsum dolor', 'odio tristique pharetra. Quisque ac libero nec ligula consectetuer rhoncus. Nullam velit dui, semper et, lacinia vitae, sodales at, velit. Pellentesque ultricies dignissim lacus. Aliquam rutrum lorem ac risus. Morbi', '2012-12-08', '2012-12-29', 'Closed', 3, 1),
(51, 'Lorem ipsum dolor sit', 'massa rutrum magna. Cras convallis convallis dolor. Quisque tincidunt pede ac urna. Ut tincidunt vehicula risus. Nulla eget metus eu erat semper rutrum. Fusce dolor quam, elementum at, egestas a, scelerisque sed, sapien. Nunc pulvinar arcu et pede. Nunc sed orci lobortis augue scelerisque mollis.', '2012-12-03', '2012-10-02', 'Cancel', 18, 18),
(52, 'Lorem ipsum dolor', 'sit amet nulla. Donec non justo. Proin non massa non ante bibendum ullamcorper. Duis cursus, diam at pretium aliquet, metus urna convallis erat, eget tincidunt dui augue eu tellus. Phasellus elit', '2012-09-03', '2012-10-13', 'Closed', 44, 1),
(53, 'Lorem ipsum dolor sit amet,', 'luctus sit amet, faucibus ut, nulla. Cras eu tellus eu augue porttitor interdum. Sed auctor odio a purus. Duis elementum, dui quis accumsan convallis, ante lectus convallis est, vitae sodales nisi magna sed dui. Fusce aliquam, enim', '2012-12-15', '2012-09-11', 'Closed', 9, 20),
(54, 'Lorem ipsum dolor sit amet,', 'nunc nulla vulputate dui, nec tempus mauris erat eget ipsum. Suspendisse sagittis. Nullam vitae diam. Proin dolor. Nulla semper tellus id nunc interdum feugiat. Sed nec', '2012-11-22', '2012-11-10', 'Closed', 50, 20),
(55, 'Lorem ipsum dolor sit', 'ligula', '2012-12-04', '2012-12-20', 'Closed', 10, 13),
(56, 'Lorem ipsum dolor', 'In at pede. Cras vulputate velit eu sem. Pellentesque ut ipsum ac mi eleifend egestas. Sed pharetra, felis eget varius ultrices, mauris ipsum porta elit, a feugiat tellus lorem eu metus. In lorem. Donec elementum, lorem ut aliquam iaculis, lacus pede', '2012-09-19', '2013-01-13', 'Closed', 47, 19),
(57, 'Lorem ipsum dolor', 'est, mollis non, cursus non, egestas a, dui. Cras pellentesque. Sed dictum. Proin eget odio. Aliquam vulputate ullamcorper magna. Sed', '2012-09-08', '2012-10-29', 'Public', 48, 12),
(58, 'Lorem ipsum dolor sit', 'nibh vulputate mauris sagittis placerat. Cras dictum ultricies ligula. Nullam enim. Sed nulla ante, iaculis nec, eleifend non, dapibus rutrum, justo. Praesent luctus. Curabitur egestas nunc sed libero. Proin sed turpis nec mauris blandit mattis. Cras', '2012-12-15', '2012-09-02', 'Cancel', 50, 5),
(59, 'Lorem ipsum dolor', 'ultrices sit amet, risus. Donec nibh enim, gravida sit amet, dapibus id, blandit at, nisi. Cum sociis natoque penatibus et magnis dis parturient montes, nascetur ridiculus mus. Proin vel', '2012-11-07', '2012-11-29', 'Open', 15, 1),
(60, 'Lorem ipsum dolor', 'Aliquam tincidunt, nunc ac mattis ornare, lectus', '2012-10-12', '2012-12-05', 'Open', 23, 6),
(61, 'Lorem ipsum', 'nonummy. Fusce fermentum fermentum arcu. Vestibulum ante ipsum primis in faucibus orci luctus et ultrices posuere cubilia Curae; Phasellus ornare. Fusce mollis. Duis sit amet diam eu dolor', '2012-10-08', '2012-09-28', 'Public', 25, 13),
(62, 'Lorem ipsum dolor sit amet,', 'vel, venenatis vel,', '2012-11-08', '2012-12-01', 'Open', 32, 3),
(63, 'Lorem', 'eget, venenatis a, magna. Lorem ipsum dolor sit', '2012-10-17', '2013-01-08', 'Public', 36, 8),
(64, 'Lorem ipsum', 'tempor lorem, eget mollis lectus pede et risus. Quisque libero lacus, varius et, euismod et, commodo at, libero. Morbi accumsan laoreet ipsum. Curabitur consequat, lectus sit amet luctus vulputate, nisi sem semper', '2012-09-29', '2013-01-25', 'Closed', 16, 15),
(65, 'Lorem ipsum dolor sit amet,', 'faucibus id, libero. Donec consectetuer mauris id sapien. Cras dolor dolor, tempus non, lacinia at, iaculis quis, pede. Praesent eu dui. Cum sociis natoque penatibus et magnis', '2012-11-13', '2013-01-02', 'Public', 18, 12),
(66, 'Lorem', 'Proin mi. Aliquam gravida mauris ut mi. Duis risus odio, auctor vitae, aliquet nec, imperdiet nec, leo. Morbi neque tellus, imperdiet non, vestibulum nec, euismod in, dolor. Fusce feugiat. Lorem ipsum dolor sit amet, consectetuer adipiscing elit. Aliquam auctor, velit eget laoreet posuere, enim nisl elementum purus, accumsan interdum libero', '2012-09-15', '2012-09-19', 'Open', 44, 16),
(67, 'Lorem ipsum dolor sit', 'enim diam vel arcu. Curabitur ut odio vel est tempor bibendum. Donec felis orci, adipiscing non, luctus sit amet, faucibus ut, nulla. Cras eu tellus eu augue porttitor interdum. Sed auctor odio a', '2012-09-13', '2012-09-23', 'Public', 1, 19),
(68, 'Lorem ipsum dolor sit', 'ut, pharetra sed, hendrerit a, arcu. Sed et libero. Proin mi. Aliquam gravida mauris ut mi. Duis risus odio, auctor vitae, aliquet nec, imperdiet nec, leo. Morbi neque tellus, imperdiet non, vestibulum nec, euismod in, dolor. Fusce feugiat. Lorem ipsum dolor sit amet, consectetuer adipiscing elit.', '2012-09-27', '2012-10-09', 'Cancel', 50, 4),
(69, 'Lorem ipsum dolor sit amet,', 'Quisque libero lacus, varius et, euismod et, commodo at, libero. Morbi accumsan laoreet ipsum. Curabitur consequat, lectus sit amet luctus vulputate, nisi sem semper erat, in consectetuer ipsum nunc id enim. Curabitur', '2012-09-06', '2012-11-14', 'Public', 6, 20),
(70, 'Lorem ipsum', 'quam dignissim pharetra. Nam ac nulla.', '2012-09-03', '2012-11-14', 'Open', 32, 11),
(71, 'Lorem ipsum', 'nec, malesuada ut, sem.', '2012-09-09', '2012-10-11', 'Public', 47, 1),
(72, 'Lorem', 'tincidunt tempus risus. Donec egestas. Duis ac arcu. Nunc mauris. Morbi non sapien molestie orci tincidunt adipiscing. Mauris molestie pharetra nibh. Aliquam ornare, libero at auctor ullamcorper, nisl arcu iaculis enim, sit amet ornare lectus justo eu arcu. Morbi sit amet massa. Quisque porttitor eros nec tellus.', '2012-09-19', '2012-10-23', 'Cancel', 27, 1),
(73, 'Lorem ipsum dolor sit amet,', 'ante, iaculis nec, eleifend non, dapibus rutrum, justo. Praesent luctus. Curabitur egestas nunc sed libero. Proin sed turpis nec mauris blandit mattis. Cras', '2012-10-17', '2012-12-22', 'Open', 33, 20),
(74, 'Lorem ipsum dolor sit', 'mi fringilla mi lacinia mattis. Integer eu lacus. Quisque imperdiet, erat nonummy ultricies ornare, elit elit fermentum risus, at', '2012-09-01', '2012-08-24', 'Cancel', 2, 5),
(75, 'Lorem ipsum dolor', 'lorem semper auctor. Mauris vel turpis. Aliquam adipiscing lobortis risus. In', '2012-11-06', '2013-01-28', 'Cancel', 37, 11),
(76, 'Lorem', 'mi', '2012-11-09', '2012-12-08', 'Cancel', 15, 5),
(77, 'Lorem ipsum dolor sit amet,', 'tincidunt nibh. Phasellus nulla. Integer vulputate, risus a ultricies adipiscing, enim mi tempor lorem, eget mollis lectus pede et risus. Quisque libero lacus, varius et, euismod et, commodo at, libero. Morbi accumsan laoreet ipsum. Curabitur consequat, lectus sit amet luctus vulputate, nisi sem', '2012-10-13', '2012-11-13', 'Open', 28, 6),
(78, 'Lorem ipsum dolor sit amet,', 'velit egestas lacinia. Sed congue, elit sed consequat auctor, nunc nulla vulputate dui, nec tempus mauris erat eget', '2012-10-25', '2012-09-03', 'Open', 5, 6),
(79, 'Lorem ipsum dolor sit amet,', 'dolor sit amet, consectetuer adipiscing elit. Curabitur sed tortor. Integer aliquam adipiscing lacus. Ut nec', '2012-08-29', '2012-11-03', 'Open', 47, 10),
(80, 'Lorem ipsum dolor sit', 'ante ipsum primis in faucibus orci luctus et ultrices posuere cubilia Curae; Donec tincidunt. Donec vitae erat vel pede blandit congue. In scelerisque scelerisque dui. Suspendisse ac metus vitae velit egestas lacinia. Sed congue, elit sed consequat auctor, nunc nulla vulputate', '2012-12-03', '2013-01-08', 'Public', 13, 2),
(81, 'Lorem ipsum dolor sit amet,', 'penatibus et magnis dis parturient montes, nascetur ridiculus', '2012-09-20', '2012-12-11', 'Cancel', 33, 13),
(82, 'Lorem ipsum dolor', 'felis purus ac tellus. Suspendisse sed dolor. Fusce mi lorem, vehicula et, rutrum eu, ultrices sit amet, risus. Donec nibh', '2012-09-08', '2012-09-07', 'Closed', 32, 4),
(83, 'Lorem ipsum dolor sit amet,', 'porttitor tellus non magna. Nam ligula elit, pretium et, rutrum non, hendrerit id, ante. Nunc mauris sapien, cursus in, hendrerit consectetuer, cursus et, magna. Praesent interdum ligula eu enim. Etiam imperdiet dictum', '2012-10-01', '2012-10-08', 'Open', 40, 3),
(84, 'Lorem ipsum', 'cursus a, enim. Suspendisse aliquet, sem ut cursus luctus, ipsum leo elementum sem, vitae aliquam eros turpis non enim. Mauris quis turpis vitae purus gravida sagittis. Duis', '2012-09-18', '2013-01-09', 'Cancel', 32, 10),
(85, 'Lorem ipsum dolor', 'eu tempor erat neque non quam. Pellentesque habitant morbi tristique senectus et netus et malesuada fames', '2012-08-28', '2012-09-27', 'Closed', 44, 3),
(86, 'Lorem ipsum dolor sit amet,', 'augue porttitor interdum. Sed auctor odio a purus. Duis elementum, dui quis accumsan convallis, ante lectus convallis est, vitae', '2012-12-23', '2012-11-29', 'Public', 13, 18),
(87, 'Lorem ipsum dolor sit', 'vitae purus gravida sagittis. Duis gravida. Praesent eu nulla at sem molestie sodales. Mauris blandit enim consequat purus. Maecenas libero est, congue a, aliquet vel, vulputate eu, odio. Phasellus at augue id ante dictum cursus. Nunc mauris elit, dictum eu, eleifend nec,', '2012-10-06', '2012-12-25', 'Cancel', 10, 13),
(88, 'Lorem ipsum dolor', 'cursus. Nunc mauris elit, dictum eu, eleifend nec, malesuada ut, sem. Nulla interdum. Curabitur dictum. Phasellus in', '2012-10-05', '2012-08-25', 'Cancel', 26, 6),
(89, 'Lorem', 'Donec nibh enim, gravida sit amet, dapibus id, blandit at, nisi. Cum sociis natoque penatibus et magnis dis', '2012-12-07', '2012-09-05', 'Public', 39, 15),
(90, 'Lorem ipsum dolor sit', 'risus. Duis a mi fringilla mi lacinia mattis. Integer eu lacus. Quisque', '2012-12-19', '2012-10-13', 'Public', 30, 1),
(91, 'Lorem ipsum dolor sit amet,', 'odio. Aliquam vulputate ullamcorper magna. Sed eu eros. Nam consequat dolor vitae dolor. Donec fringilla. Donec feugiat metus sit amet ante. Vivamus non lorem vitae odio sagittis semper. Nam tempor diam dictum sapien. Aenean massa. Integer vitae nibh.', '2012-11-08', '2012-10-06', 'Public', 43, 4),
(92, 'Lorem ipsum dolor sit', 'semper auctor.', '2012-10-05', '2012-12-27', 'Open', 31, 20),
(93, 'Lorem', 'Suspendisse tristique neque venenatis lacus. Etiam bibendum', '2012-10-04', '2012-09-23', 'Closed', 32, 6),
(94, 'Lorem ipsum dolor sit', 'euismod in, dolor. Fusce feugiat. Lorem ipsum dolor sit amet, consectetuer adipiscing elit. Aliquam auctor, velit eget laoreet posuere, enim nisl elementum', '2012-10-11', '2012-11-01', 'Open', 2, 8),
(95, 'Lorem ipsum', 'magna et ipsum cursus vestibulum. Mauris magna. Duis', '2012-10-12', '2012-11-29', 'Closed', 8, 2),
(96, 'Lorem ipsum dolor', 'Phasellus dolor elit, pellentesque a, facilisis non, bibendum sed, est. Nunc laoreet lectus quis massa. Mauris vestibulum, neque', '2012-12-13', '2012-09-18', 'Cancel', 15, 3),
(97, 'Lorem', 'sit amet, consectetuer adipiscing elit. Curabitur sed tortor. Integer aliquam adipiscing lacus. Ut nec urna et arcu imperdiet ullamcorper. Duis at lacus. Quisque purus sapien, gravida non, sollicitudin a, malesuada id, erat. Etiam vestibulum massa rutrum magna. Cras convallis convallis dolor. Quisque tincidunt pede ac urna. Ut', '2012-10-30', '2013-01-19', 'Open', 48, 1),
(98, 'Lorem', 'quam, elementum at, egestas a, scelerisque sed, sapien. Nunc pulvinar arcu et pede. Nunc sed orci lobortis augue scelerisque mollis. Phasellus libero mauris, aliquam eu, accumsan sed, facilisis vitae, orci. Phasellus dapibus quam quis diam. Pellentesque habitant morbi tristique senectus et netus et malesuada fames ac turpis', '2012-09-19', '2012-09-10', 'Cancel', 45, 17),
(99, 'Lorem ipsum', 'felis eget varius ultrices, mauris ipsum porta elit, a feugiat tellus lorem eu metus. In lorem. Donec elementum, lorem ut aliquam iaculis, lacus', '2012-11-29', '2012-10-01', 'Open', 38, 7),
(100, 'Lorem ipsum', 'non massa non ante bibendum ullamcorper. Duis cursus, diam at', '2012-10-22', '2012-09-12', 'Closed', 26, 8),
(101, 'Lorem ipsum dolor sit amet,', 'aliquam eu, accumsan sed, facilisis vitae, orci. Phasellus dapibus quam quis diam. Pellentesque habitant morbi tristique senectus et netus et malesuada fames ac turpis egestas. Fusce', '2012-12-18', '2012-11-13', 'Closed', 13, 5),
(102, 'Lorem ipsum dolor sit amet,', 'posuere cubilia Curae; Donec tincidunt. Donec vitae erat vel pede blandit congue. In scelerisque scelerisque', '2012-09-15', '2012-10-24', 'Open', 15, 12),
(103, 'Lorem', 'ac arcu. Nunc mauris. Morbi non sapien', '2012-09-25', '2012-11-21', 'Public', 13, 10),
(104, 'Lorem ipsum', 'fringilla cursus purus. Nullam scelerisque neque sed sem egestas blandit. Nam nulla magna, malesuada vel, convallis in, cursus et, eros. Proin ultrices. Duis volutpat nunc sit amet metus. Aliquam erat volutpat. Nulla facilisis. Suspendisse commodo tincidunt nibh. Phasellus nulla. Integer vulputate, risus a ultricies', '2012-08-24', '2012-12-29', 'Cancel', 42, 13),
(105, 'Lorem ipsum dolor sit amet,', 'laoreet, libero et tristique pellentesque, tellus sem mollis dui, in sodales elit erat vitae risus. Duis a mi fringilla mi lacinia mattis. Integer eu lacus. Quisque imperdiet, erat nonummy ultricies ornare, elit elit fermentum risus, at fringilla purus mauris a nunc. In at pede.', '2012-11-21', '2012-09-21', 'Public', 13, 17),
(106, 'Lorem ipsum', 'diam luctus lobortis. Class aptent taciti sociosqu ad litora torquent per conubia nostra, per inceptos hymenaeos. Mauris ut quam vel sapien imperdiet ornare. In faucibus. Morbi vehicula. Pellentesque tincidunt tempus risus. Donec egestas. Duis ac arcu. Nunc mauris. Morbi non sapien molestie orci tincidunt adipiscing. Mauris molestie pharetra nibh. Aliquam', '2012-09-08', '2012-12-29', 'Open', 16, 14),
(107, 'Lorem ipsum dolor sit', 'tellus. Phasellus elit pede, malesuada vel, venenatis vel, faucibus id, libero. Donec consectetuer mauris id sapien. Cras dolor dolor, tempus non, lacinia at, iaculis quis, pede. Praesent eu dui. Cum', '2012-11-17', '2012-09-04', 'Open', 14, 18),
(108, 'Lorem ipsum dolor sit', 'ornare lectus justo eu arcu. Morbi sit amet', '2012-12-05', '2012-09-19', 'Cancel', 7, 9),
(109, 'Lorem ipsum dolor sit amet,', 'amet orci. Ut sagittis lobortis mauris. Suspendisse aliquet molestie tellus. Aenean egestas hendrerit neque. In ornare sagittis felis. Donec tempor, est ac mattis semper, dui lectus rutrum urna, nec luctus felis purus ac tellus. Suspendisse sed dolor. Fusce mi lorem, vehicula et, rutrum eu, ultrices sit amet, risus.', '2012-12-01', '2012-10-16', 'Closed', 35, 8),
(110, 'Lorem ipsum dolor sit', 'turpis egestas. Fusce aliquet magna a neque. Nullam ut nisi a odio semper cursus. Integer mollis. Integer tincidunt aliquam arcu. Aliquam ultrices iaculis odio. Nam interdum enim non nisi. Aenean eget metus. In nec orci. Donec nibh. Quisque nonummy ipsum non arcu. Vivamus sit amet risus. Donec egestas.', '2012-12-13', '2012-11-25', 'Closed', 3, 4),
(111, 'Lorem ipsum dolor sit amet,', 'Suspendisse dui. Fusce diam nunc, ullamcorper eu, euismod ac, fermentum vel, mauris. Integer sem elit, pharetra ut, pharetra sed, hendrerit a, arcu. Sed et libero. Proin mi. Aliquam gravida mauris ut mi. Duis risus odio,', '2012-09-28', '2013-01-24', 'Cancel', 24, 7),
(112, 'Lorem ipsum', 'egestas. Aliquam fringilla cursus purus. Nullam scelerisque neque sed sem egestas blandit. Nam nulla magna, malesuada vel, convallis in, cursus et, eros. Proin ultrices. Duis volutpat nunc sit amet metus. Aliquam erat volutpat. Nulla facilisis. Suspendisse commodo tincidunt nibh.', '2012-11-18', '2012-11-02', 'Public', 19, 18),
(113, 'Lorem ipsum dolor sit amet,', 'vel pede blandit congue. In scelerisque scelerisque dui. Suspendisse ac metus vitae velit egestas lacinia. Sed congue, elit sed consequat auctor, nunc nulla vulputate dui, nec tempus mauris erat eget ipsum. Suspendisse sagittis. Nullam vitae diam. Proin dolor. Nulla semper tellus id nunc', '2012-12-13', '2012-11-29', 'Closed', 16, 7),
(114, 'Lorem ipsum', 'nascetur ridiculus mus. Donec dignissim magna a tortor. Nunc commodo auctor velit. Aliquam nisl. Nulla eu neque pellentesque massa lobortis', '2012-11-13', '2012-08-31', 'Open', 4, 16),
(115, 'Lorem ipsum dolor', 'eleifend vitae,', '2012-12-05', '2012-10-29', 'Closed', 17, 14),
(116, 'Lorem ipsum dolor sit', 'tellus non magna. Nam ligula elit, pretium et, rutrum non, hendrerit', '2012-11-21', '2012-12-03', 'Cancel', 20, 4),
(117, 'Lorem ipsum dolor sit', 'mauris, rhoncus id, mollis nec, cursus a, enim.', '2012-09-06', '2013-01-24', 'Closed', 37, 20),
(118, 'Lorem ipsum dolor sit amet,', 'et malesuada fames ac turpis egestas. Aliquam fringilla cursus purus. Nullam scelerisque neque sed sem egestas blandit. Nam nulla magna, malesuada', '2012-11-16', '2012-10-08', 'Cancel', 19, 12),
(119, 'Lorem ipsum dolor sit amet,', 'blandit mattis. Cras eget nisi dictum augue malesuada malesuada. Integer id magna et ipsum cursus vestibulum. Mauris magna. Duis dignissim tempor arcu. Vestibulum ut eros non enim commodo hendrerit. Donec porttitor tellus non magna. Nam ligula elit, pretium', '2012-12-23', '2012-09-13', 'Cancel', 46, 4),
(120, 'Lorem', 'mus. Donec dignissim magna a tortor. Nunc commodo auctor velit. Aliquam nisl. Nulla eu neque pellentesque massa lobortis ultrices. Vivamus rhoncus. Donec est. Nunc ullamcorper,', '2012-11-15', '2012-12-10', 'Closed', 26, 5),
(121, 'Lorem ipsum', 'Praesent interdum ligula eu enim. Etiam imperdiet dictum magna. Ut tincidunt orci quis lectus. Nullam suscipit, est ac facilisis facilisis, magna tellus faucibus leo, in lobortis tellus justo sit amet nulla. Donec non', '2012-11-13', '2012-11-18', 'Public', 39, 20),
(122, 'Lorem ipsum dolor sit', 'magna et ipsum cursus vestibulum. Mauris magna. Duis dignissim tempor arcu. Vestibulum ut eros non enim commodo hendrerit. Donec porttitor tellus non magna. Nam ligula elit, pretium et, rutrum non, hendrerit id,', '2012-12-17', '2012-08-30', 'Open', 24, 11),
(123, 'Lorem ipsum dolor sit', 'odio. Etiam', '2012-10-03', '2013-01-24', 'Open', 23, 1),
(124, 'Lorem', 'Nulla dignissim. Maecenas ornare egestas ligula. Nullam feugiat', '2012-10-23', '2012-09-20', 'Cancel', 40, 10),
(125, 'Lorem ipsum dolor', 'lobortis. Class aptent taciti sociosqu ad litora torquent per conubia nostra, per inceptos hymenaeos. Mauris ut quam vel sapien imperdiet', '2012-09-06', '2013-01-03', 'Public', 30, 10),
(126, 'Lorem ipsum dolor sit', 'risus. Morbi metus. Vivamus euismod urna. Nullam lobortis quam', '2012-10-30', '2012-12-19', 'Closed', 39, 17),
(127, 'Lorem ipsum dolor sit amet,', 'netus et malesuada fames ac turpis egestas. Fusce aliquet magna a neque. Nullam ut nisi a odio semper cursus. Integer mollis. Integer tincidunt aliquam arcu. Aliquam ultrices iaculis', '2012-09-06', '2012-10-30', 'Closed', 43, 8),
(128, 'Lorem ipsum dolor sit', 'non, lobortis quis, pede. Suspendisse dui. Fusce diam nunc, ullamcorper eu, euismod', '2012-09-27', '2012-10-05', 'Closed', 19, 14),
(129, 'Lorem', 'amet ornare lectus justo eu arcu. Morbi sit amet massa. Quisque porttitor eros nec tellus. Nunc lectus pede, ultrices a, auctor non, feugiat nec, diam. Duis mi enim, condimentum eget, volutpat ornare,', '2012-09-11', '2012-09-19', 'Open', 15, 7),
(130, 'Lorem', 'hendrerit. Donec porttitor tellus non magna. Nam ligula elit, pretium et, rutrum non, hendrerit id, ante. Nunc mauris sapien, cursus in, hendrerit consectetuer, cursus et, magna. Praesent interdum ligula eu enim. Etiam imperdiet', '2012-12-11', '2012-09-30', 'Closed', 50, 7),
(131, 'Lorem ipsum dolor sit amet,', 'sagittis semper. Nam', '2012-10-01', '2012-11-05', 'Cancel', 25, 6),
(132, 'Lorem ipsum', 'Maecenas libero est, congue a, aliquet vel, vulputate eu, odio. Phasellus at augue id ante dictum cursus. Nunc mauris elit, dictum eu, eleifend', '2012-09-06', '2012-09-06', 'Closed', 49, 7),
(133, 'Lorem', 'enim. Mauris quis turpis vitae purus gravida sagittis. Duis gravida. Praesent eu nulla at', '2012-12-10', '2012-12-12', 'Public', 10, 6),
(134, 'Lorem', 'massa. Mauris vestibulum, neque sed dictum eleifend, nunc risus varius orci, in consequat enim diam vel arcu. Curabitur ut odio vel est tempor bibendum. Donec felis orci, adipiscing non, luctus sit amet, faucibus ut, nulla. Cras eu tellus eu', '2012-09-16', '2012-09-08', 'Public', 46, 1),
(135, 'Lorem ipsum dolor', 'massa. Integer', '2012-10-21', '2012-12-30', 'Closed', 16, 5),
(136, 'Lorem', 'Etiam gravida molestie arcu. Sed eu nibh vulputate mauris sagittis placerat. Cras dictum ultricies ligula. Nullam enim. Sed nulla ante, iaculis nec, eleifend non, dapibus', '2012-11-15', '2013-01-24', 'Closed', 31, 4),
(137, 'Lorem ipsum dolor sit', 'erat semper rutrum. Fusce dolor quam, elementum at, egestas a, scelerisque sed, sapien. Nunc pulvinar arcu et pede. Nunc sed orci lobortis augue scelerisque mollis. Phasellus libero mauris, aliquam eu, accumsan sed, facilisis vitae, orci. Phasellus dapibus quam', '2012-12-11', '2012-08-24', 'Public', 11, 7),
(138, 'Lorem ipsum dolor sit amet,', 'blandit. Nam nulla magna, malesuada vel, convallis in, cursus et, eros. Proin ultrices. Duis volutpat nunc sit amet metus. Aliquam erat volutpat. Nulla facilisis. Suspendisse commodo tincidunt nibh. Phasellus nulla. Integer vulputate, risus', '2012-12-15', '2012-11-04', 'Closed', 6, 12),
(139, 'Lorem ipsum dolor sit amet,', 'aliquet, metus urna convallis erat, eget tincidunt dui augue eu tellus. Phasellus elit', '2012-12-23', '2012-10-03', 'Open', 3, 20),
(140, 'Lorem ipsum dolor', 'Sed molestie. Sed id risus quis diam luctus lobortis. Class aptent taciti sociosqu ad litora torquent per conubia nostra, per inceptos hymenaeos. Mauris ut quam vel sapien imperdiet ornare. In', '2012-08-22', '2013-01-01', 'Closed', 34, 18),
(141, 'Lorem ipsum dolor sit', 'In lorem. Donec elementum, lorem ut aliquam iaculis, lacus pede sagittis augue, eu tempor erat neque non quam. Pellentesque habitant morbi tristique senectus et netus et malesuada fames ac turpis egestas. Aliquam fringilla cursus purus.', '2012-11-12', '2013-01-10', 'Public', 7, 19),
(142, 'Lorem ipsum dolor sit', 'sit', '2012-09-08', '2012-09-30', 'Public', 19, 13),
(143, 'Lorem ipsum', 'Mauris vestibulum, neque sed dictum eleifend, nunc risus varius orci, in consequat enim diam vel arcu. Curabitur ut odio vel est tempor bibendum. Donec felis orci, adipiscing non, luctus sit amet, faucibus ut, nulla. Cras eu tellus eu augue porttitor interdum. Sed auctor odio a purus. Duis elementum, dui quis', '2012-10-27', '2012-11-27', 'Cancel', 12, 8),
(144, 'Lorem', 'ipsum ac mi eleifend egestas. Sed pharetra, felis eget varius ultrices, mauris ipsum porta elit, a feugiat tellus lorem eu metus. In lorem. Donec elementum,', '2012-10-23', '2012-12-08', 'Closed', 3, 20),
(145, 'Lorem', 'aliquet. Phasellus fermentum convallis ligula. Donec luctus aliquet odio. Etiam ligula tortor, dictum eu, placerat eget, venenatis a, magna. Lorem ipsum dolor sit amet, consectetuer adipiscing elit. Etiam laoreet, libero et tristique pellentesque, tellus sem mollis dui, in sodales elit erat vitae risus. Duis a mi', '2012-09-02', '2012-08-27', 'Cancel', 1, 15),
(146, 'Lorem ipsum dolor sit amet,', 'natoque', '2012-10-24', '2012-11-15', 'Cancel', 17, 10),
(147, 'Lorem ipsum dolor sit amet,', 'pede blandit congue. In scelerisque scelerisque dui. Suspendisse ac metus vitae velit egestas lacinia. Sed congue, elit sed consequat auctor, nunc nulla vulputate dui, nec tempus mauris erat eget ipsum. Suspendisse sagittis. Nullam vitae diam. Proin dolor. Nulla semper', '2012-12-19', '2013-01-20', 'Closed', 10, 7),
(148, 'Lorem ipsum dolor', 'sit amet,', '2012-09-04', '2012-10-18', 'Open', 40, 15),
(149, 'Lorem ipsum dolor', 'risus, at fringilla purus mauris a nunc. In at pede. Cras vulputate velit eu sem. Pellentesque ut ipsum ac mi eleifend egestas. Sed pharetra, felis eget varius ultrices, mauris ipsum', '2012-09-22', '2012-12-06', 'Open', 9, 9),
(150, 'Lorem ipsum dolor sit amet,', 'Duis gravida. Praesent eu nulla at sem molestie sodales. Mauris blandit enim consequat purus. Maecenas libero est, congue a, aliquet vel, vulputate eu, odio. Phasellus at augue id ante dictum cursus. Nunc mauris elit,', '2012-10-19', '2012-11-20', 'Closed', 24, 10),
(151, 'Lorem ipsum', 'ornare. In faucibus. Morbi vehicula. Pellentesque tincidunt tempus risus. Donec egestas. Duis', '2012-09-13', '2012-12-28', 'Public', 44, 14),
(152, 'Lorem ipsum dolor', 'natoque penatibus et magnis dis parturient montes, nascetur ridiculus mus. Proin vel nisl. Quisque fringilla euismod enim. Etiam gravida molestie', '2012-12-21', '2012-12-16', 'Public', 37, 9),
(153, 'Lorem ipsum dolor sit amet,', 'Proin ultrices. Duis volutpat nunc sit amet metus. Aliquam erat volutpat. Nulla facilisis. Suspendisse commodo tincidunt nibh. Phasellus nulla. Integer vulputate, risus a ultricies adipiscing, enim mi tempor', '2012-09-14', '2012-10-15', 'Closed', 43, 5),
(154, 'Lorem ipsum dolor sit', 'tempus eu,', '2012-10-30', '2012-11-13', 'Open', 37, 16),
(155, 'Lorem ipsum dolor sit amet,', 'nunc', '2012-12-01', '2012-12-17', 'Closed', 42, 20),
(156, 'Lorem ipsum dolor', 'et libero. Proin mi. Aliquam gravida mauris ut mi. Duis risus odio, auctor vitae, aliquet nec, imperdiet nec,', '2012-12-22', '2013-01-20', 'Open', 49, 12),
(157, 'Lorem ipsum', 'ut mi. Duis risus odio, auctor vitae, aliquet nec, imperdiet nec, leo. Morbi neque tellus, imperdiet non, vestibulum nec, euismod in, dolor. Fusce feugiat. Lorem ipsum dolor sit amet, consectetuer adipiscing elit. Aliquam auctor, velit eget laoreet posuere, enim nisl elementum purus, accumsan', '2012-10-07', '2012-11-16', 'Open', 44, 13),
(158, 'Lorem ipsum dolor sit amet,', 'accumsan laoreet ipsum. Curabitur', '2012-10-16', '2012-10-30', 'Open', 10, 14),
(159, 'Lorem ipsum dolor sit', 'et tristique pellentesque, tellus sem mollis dui, in sodales elit erat vitae risus. Duis a mi fringilla mi lacinia mattis. Integer eu lacus. Quisque imperdiet, erat', '2012-10-28', '2012-12-24', 'Cancel', 5, 6),
(160, 'Lorem ipsum dolor sit amet,', 'felis eget varius ultrices,', '2012-11-06', '2012-11-23', 'Open', 12, 1),
(161, 'Lorem ipsum dolor sit', 'non, lacinia at, iaculis quis, pede. Praesent eu dui. Cum sociis natoque', '2012-11-11', '2012-09-28', 'Cancel', 8, 20),
(162, 'Lorem ipsum dolor', 'felis ullamcorper viverra.', '2012-10-18', '2012-11-04', 'Open', 50, 7),
(163, 'Lorem', 'odio vel est tempor bibendum. Donec felis orci, adipiscing non, luctus sit amet, faucibus ut, nulla. Cras eu tellus eu augue porttitor interdum. Sed auctor odio a purus. Duis elementum, dui quis accumsan convallis, ante lectus convallis est, vitae sodales', '2012-11-13', '2013-01-04', 'Open', 2, 9),
(164, 'Lorem ipsum dolor sit', 'quam quis diam. Pellentesque habitant morbi tristique senectus et netus et malesuada fames ac turpis egestas. Fusce aliquet magna a neque. Nullam ut nisi a odio semper cursus. Integer mollis. Integer tincidunt aliquam arcu. Aliquam ultrices iaculis odio. Nam interdum enim non nisi.', '2012-10-13', '2012-12-21', 'Closed', 20, 6),
(165, 'Lorem ipsum dolor', 'lorem. Donec', '2012-11-26', '2012-12-17', 'Open', 30, 2),
(166, 'Lorem', 'vitae semper egestas, urna justo faucibus lectus, a sollicitudin orci sem eget massa. Suspendisse eleifend. Cras sed leo. Cras vehicula aliquet libero. Integer in magna. Phasellus dolor elit, pellentesque a, facilisis non, bibendum sed, est. Nunc laoreet lectus quis massa. Mauris vestibulum, neque sed dictum eleifend, nunc risus', '2012-09-20', '2012-10-23', 'Cancel', 3, 11),
(167, 'Lorem', 'quam vel sapien imperdiet ornare. In faucibus. Morbi vehicula. Pellentesque tincidunt tempus risus. Donec egestas. Duis ac arcu. Nunc mauris. Morbi non sapien molestie orci', '2012-11-07', '2012-12-23', 'Public', 2, 13),
(168, 'Lorem', 'urna et arcu imperdiet ullamcorper.', '2012-12-16', '2013-01-01', 'Closed', 6, 19),
(169, 'Lorem ipsum dolor', 'Donec nibh enim, gravida sit amet, dapibus id, blandit at, nisi. Cum sociis natoque penatibus et magnis dis parturient montes, nascetur ridiculus mus. Proin vel nisl. Quisque fringilla euismod enim. Etiam gravida molestie arcu. Sed eu nibh vulputate mauris sagittis placerat. Cras dictum ultricies ligula. Nullam enim. Sed', '2012-10-18', '2012-09-21', 'Public', 2, 20),
(170, 'Lorem', 'sem magna nec quam. Curabitur vel lectus. Cum sociis natoque penatibus et magnis dis parturient montes, nascetur ridiculus mus. Donec dignissim magna a', '2012-11-20', '2013-01-27', 'Open', 3, 1),
(171, 'Lorem ipsum', 'fermentum metus. Aenean sed pede nec ante blandit viverra. Donec tempus, lorem fringilla ornare placerat, orci lacus', '2012-09-08', '2012-11-28', 'Open', 45, 16),
(172, 'Lorem ipsum dolor sit', 'ac facilisis facilisis, magna tellus faucibus leo, in lobortis tellus justo sit amet nulla. Donec non justo. Proin non massa non ante bibendum ullamcorper. Duis cursus, diam at pretium aliquet, metus urna convallis erat, eget tincidunt dui augue eu tellus. Phasellus elit pede, malesuada vel, venenatis', '2012-09-01', '2012-10-23', 'Closed', 3, 15),
(173, 'Lorem ipsum dolor sit', 'tempus non, lacinia at, iaculis quis, pede. Praesent eu dui. Cum sociis natoque penatibus et magnis dis parturient montes, nascetur ridiculus mus. Aenean eget magna. Suspendisse tristique neque venenatis lacus.', '2012-12-13', '2012-10-26', 'Open', 30, 15),
(174, 'Lorem', 'sociosqu ad litora torquent per conubia nostra, per inceptos hymenaeos. Mauris ut quam vel', '2012-11-06', '2012-11-16', 'Public', 1, 5),
(175, 'Lorem ipsum dolor sit', 'interdum. Sed auctor odio a purus. Duis elementum, dui quis accumsan convallis, ante lectus convallis est, vitae sodales nisi magna sed dui. Fusce aliquam, enim nec tempus scelerisque, lorem ipsum sodales purus, in molestie tortor', '2012-10-28', '2012-11-23', 'Closed', 4, 3),
(176, 'Lorem ipsum', 'orci tincidunt adipiscing. Mauris molestie pharetra nibh. Aliquam ornare, libero at auctor ullamcorper, nisl arcu iaculis enim, sit amet ornare lectus justo eu arcu. Morbi sit amet massa. Quisque porttitor eros nec tellus. Nunc lectus', '2012-10-19', '2012-11-23', 'Cancel', 14, 3),
(177, 'Lorem ipsum dolor sit amet,', 'nisi nibh lacinia orci, consectetuer euismod est arcu ac orci. Ut semper pretium neque. Morbi quis urna. Nunc quis arcu vel quam dignissim pharetra. Nam ac nulla. In tincidunt congue turpis. In condimentum. Donec at arcu. Vestibulum ante ipsum primis in faucibus orci luctus et ultrices posuere', '2012-08-28', '2012-12-17', 'Cancel', 19, 15),
(178, 'Lorem ipsum dolor', 'Aliquam nisl. Nulla eu neque pellentesque massa lobortis ultrices. Vivamus rhoncus. Donec est. Nunc ullamcorper, velit in aliquet lobortis, nisi nibh lacinia orci, consectetuer euismod est arcu ac orci. Ut semper pretium', '2012-09-22', '2012-11-15', 'Open', 38, 12),
(179, 'Lorem ipsum dolor', 'Nam nulla magna, malesuada vel, convallis in, cursus et, eros. Proin ultrices.', '2012-12-01', '2012-08-31', 'Open', 46, 18),
(180, 'Lorem ipsum dolor sit', 'pellentesque a, facilisis non, bibendum sed, est. Nunc laoreet lectus quis', '2012-10-10', '2012-12-03', 'Cancel', 9, 10),
(181, 'Lorem ipsum dolor sit', 'Proin eget odio. Aliquam vulputate ullamcorper magna. Sed eu eros. Nam consequat dolor vitae dolor. Donec fringilla. Donec feugiat metus sit amet ante. Vivamus non lorem vitae odio sagittis semper. Nam tempor diam dictum sapien. Aenean massa. Integer vitae nibh. Donec est mauris, rhoncus id,', '2012-09-26', '2012-11-07', 'Public', 49, 16),
(182, 'Lorem', 'feugiat nec, diam. Duis mi enim, condimentum eget, volutpat ornare, facilisis eget, ipsum. Donec sollicitudin adipiscing ligula. Aenean gravida nunc sed pede. Cum sociis natoque penatibus et magnis dis parturient montes, nascetur ridiculus mus.', '2012-10-08', '2012-10-22', 'Closed', 32, 16),
(183, 'Lorem ipsum', 'vestibulum. Mauris magna. Duis dignissim tempor arcu. Vestibulum ut eros non enim commodo hendrerit. Donec porttitor tellus non magna. Nam ligula elit, pretium et, rutrum', '2012-09-15', '2012-11-18', 'Closed', 38, 2),
(184, 'Lorem ipsum dolor sit', 'Suspendisse aliquet, sem ut cursus luctus, ipsum leo elementum', '2012-09-10', '2013-01-05', 'Public', 37, 10),
(185, 'Lorem ipsum', 'vel quam dignissim pharetra. Nam ac nulla. In tincidunt congue turpis. In condimentum. Donec at arcu. Vestibulum ante ipsum primis in faucibus orci luctus et ultrices posuere cubilia Curae; Donec tincidunt. Donec vitae erat vel pede blandit congue. In scelerisque scelerisque dui. Suspendisse', '2012-09-14', '2012-12-22', 'Closed', 9, 9),
(186, 'Lorem ipsum', 'dui. Fusce aliquam, enim nec tempus scelerisque, lorem ipsum sodales purus, in molestie tortor nibh sit amet orci. Ut sagittis lobortis mauris. Suspendisse aliquet molestie', '2012-09-17', '2012-10-23', 'Closed', 28, 18),
(187, 'Lorem ipsum dolor sit', 'Suspendisse sagittis. Nullam vitae diam. Proin dolor.', '2012-10-05', '2012-09-13', 'Cancel', 7, 7),
(188, 'Lorem ipsum dolor sit', 'sed turpis nec mauris blandit mattis. Cras eget nisi dictum augue malesuada malesuada. Integer', '2012-09-27', '2012-12-23', 'Cancel', 2, 17),
(189, 'Lorem', 'Nulla facilisi. Sed neque. Sed eget lacus. Mauris non dui nec urna suscipit nonummy. Fusce fermentum fermentum arcu. Vestibulum ante ipsum primis in faucibus orci luctus et ultrices posuere cubilia Curae; Phasellus ornare. Fusce mollis. Duis sit amet diam', '2012-11-20', '2012-12-09', 'Closed', 46, 17),
(190, 'Lorem ipsum dolor sit amet,', 'interdum ligula eu enim. Etiam imperdiet dictum magna. Ut tincidunt orci quis lectus. Nullam suscipit, est ac facilisis facilisis, magna', '2012-09-18', '2012-10-09', 'Closed', 18, 2),
(191, 'Lorem ipsum', 'Donec est mauris, rhoncus id,', '2012-11-13', '2012-12-13', 'Closed', 11, 6),
(192, 'Lorem ipsum dolor', 'eu, placerat eget, venenatis a, magna. Lorem ipsum dolor sit amet, consectetuer adipiscing elit. Etiam laoreet, libero et tristique pellentesque, tellus sem mollis dui, in sodales elit erat vitae risus. Duis a mi fringilla mi lacinia mattis. Integer eu', '2012-08-25', '2013-01-27', 'Closed', 47, 5),
(193, 'Lorem ipsum dolor', 'ridiculus mus. Donec dignissim magna a tortor. Nunc', '2012-08-22', '2012-10-09', 'Cancel', 45, 9),
(194, 'Lorem ipsum dolor sit amet,', 'lacus, varius et, euismod et, commodo at, libero. Morbi accumsan laoreet ipsum. Curabitur consequat, lectus sit amet luctus vulputate, nisi sem semper erat, in consectetuer', '2012-10-19', '2012-10-11', 'Closed', 29, 19),
(195, 'Lorem ipsum', 'imperdiet, erat nonummy ultricies ornare, elit elit fermentum risus, at fringilla purus mauris a nunc. In at pede. Cras vulputate velit eu sem. Pellentesque ut ipsum ac mi eleifend egestas. Sed pharetra, felis eget varius ultrices,', '2012-08-31', '2012-09-15', 'Public', 11, 11),
(196, 'Lorem ipsum dolor sit', 'pede,', '2012-09-07', '2012-10-02', 'Open', 3, 9),
(197, 'Lorem ipsum dolor sit', 'sodales nisi magna sed dui. Fusce aliquam, enim nec tempus scelerisque, lorem ipsum sodales purus, in molestie tortor nibh sit amet orci. Ut sagittis lobortis mauris. Suspendisse aliquet molestie tellus. Aenean egestas hendrerit neque. In ornare sagittis felis.', '2012-11-22', '2012-09-12', 'Closed', 34, 7),
(198, 'Lorem ipsum dolor sit amet,', 'ipsum dolor sit amet, consectetuer adipiscing elit. Etiam laoreet, libero et tristique pellentesque, tellus sem mollis dui, in sodales elit erat vitae risus. Duis a mi fringilla mi lacinia mattis.', '2012-11-08', '2012-08-24', 'Cancel', 21, 4),
(199, 'Lorem', 'Sed eu eros. Nam consequat dolor vitae dolor. Donec fringilla. Donec feugiat', '2012-10-09', '2012-12-16', 'Public', 28, 1),
(200, 'Lorem ipsum', 'libero. Morbi accumsan laoreet ipsum. Curabitur consequat, lectus sit', '2012-11-10', '2012-11-20', 'Cancel', 30, 9);

-- --------------------------------------------------------

--
-- Table structure for table `user`
--

CREATE TABLE IF NOT EXISTS `user` (
  `userID` int(8) NOT NULL AUTO_INCREMENT,
  `title` enum('Mr','Miss','Mrs','Ms') NOT NULL DEFAULT 'Mr',
  `firstname` varchar(80) NOT NULL,
  `lastname` varchar(80) NOT NULL,
  `telephone` varchar(20) DEFAULT NULL,
  `houseno` varchar(10) NOT NULL,
  `housename` varchar(80) DEFAULT NULL,
  `street` varchar(80) DEFAULT NULL,
  `city` varchar(80) NOT NULL,
  `county` varchar(80) DEFAULT NULL,
  `postcode` varchar(8) NOT NULL,
  `email` varchar(80) DEFAULT NULL,
  `username` varchar(20) NOT NULL,
  `password` varchar(20) NOT NULL,
  `role` enum('Default','Administrator','Project Manager') NOT NULL DEFAULT 'Default',
  PRIMARY KEY (`userID`)
) ENGINE=InnoDB  DEFAULT CHARSET=utf8 AUTO_INCREMENT=21 ;

--
-- Dumping data for table `user`
--

INSERT INTO `user` (`userID`, `title`, `firstname`, `lastname`, `telephone`, `houseno`, `housename`, `street`, `city`, `county`, `postcode`, `email`, `username`, `password`, `role`) VALUES
(1, 'Mrs', 'Quon', 'Carroll', '1 29 406 2894-7175', '5', 'molestie tellus. Aenean', 'P.O. Box 500, 9948 Et, Rd.', 'Martinsburg', 'DON', 'C1C 2FH', 'egestas.rhoncus.Proin@Etiamligulatortor.org', 'user1', 'user1', 'Administrator'),
(2, 'Mr', 'Barry', 'Hubbard', '1 89 262 9650-5443', '8', 'mollis lectus pede', 'P.O. Box 556, 1579 Convallis Rd.', 'Ruston', 'Co. Cavan', 'W9J 3WT', 'lorem.semper@nuncrisusvarius.org', 'user2', 'user2', 'Default'),
(3, 'Miss', 'Rose', 'Roberts', '1 81 261 9195-8345', '1', 'lacus.', '1704 Erat Rd.', 'Auburn', 'Gwent', 'EV5 4PK', 'lorem.Donec@Donec.org', 'user3', 'user3', 'Default'),
(4, 'Miss', 'Hamish', 'Grant', '1 92 671 4533-8624', '3', 'ante dictum', 'Ap #883-9569 Enim Road', 'Amesbury', 'Cumberland', 'I2K 5VG', 'vestibulum.lorem.sit@musProinvel.org', 'user4', 'user4', 'Project Manager'),
(5, 'Mr', 'Vivian', 'Black', '1 38 831 6746-6478', '9', 'lectus rutrum', 'P.O. Box 848, 8592 Ac Road', 'Superior', 'Co. Roscommon', 'O2 6BY', 'at.auctor.ullamcorper@Nulladignissim.com', 'user5', 'user5', 'Default'),
(6, 'Mr', 'Alfonso', 'Burks', '1 46 456 9459-6152', '10', 'in, hendrerit', 'P.O. Box 998, 1305 Aliquam Street', 'Alamogordo', 'Co. Meath', 'QY66 4ME', 'eu.tempor@lorem.ca', 'user6', 'user6', 'Default'),
(7, 'Ms', 'Axel', 'Stephens', '1 81 232 3579-4109', '9', 'elementum,', 'Ap #962-9179 Volutpat. Ave', 'Weymouth', 'Cheshire', 'ZI02 7HO', 'aliquet.Phasellus@euultrices.org', 'user7', 'user7', 'Default'),
(8, 'Mr', 'Dylan', 'Bernard', '1 79 175 6734-0269', '4', 'aliquet lobortis, nisi', '1604 Aliquam Road', 'Fort Collins', 'WES', 'IG4E 3SY', 'euismod.est.arcu@blandit.ca', 'user8', 'user8', 'Project Manager'),
(9, 'Ms', 'Scarlett', 'Watts', '1 41 917 8527-7226', '7', 'viverra. Maecenas iaculis', 'Ap #660-8302 Gravida Avenue', 'North Chicago', 'CAM', 'U91 9JY', 'ullamcorper.nisl@liberoat.ca', 'user9', 'user9', 'Default'),
(10, 'Ms', 'Heidi', 'Hayes', '1 73 880 2494-2645', '8', 'enim', 'P.O. Box 116, 7470 Ac St.', 'Santa Cruz', 'Co. Fermanagh', 'A42 4XM', 'Sed.neque@lobortisnisi.edu', 'user10', 'user10', 'Default'),
(11, 'Mr', 'Deacon', 'Moon', '1 21 523 6076-6287', '4', 'risus.', 'P.O. Box 228, 8440 Sit Street', 'Pico Rivera', 'KID', 'XD5 5XX', 'mauris.blandit.mattis@elit.org', 'user11', 'user11', 'Project Manager'),
(12, 'Ms', 'Randall', 'Newton', '1 70 217 7768-6765', '3', 'lobortis quis, pede.', 'P.O. Box 407, 2063 Duis Rd.', 'Astoria', 'Cumberland', 'RQ3 7HN', 'mollis.nec.cursus@adipiscing.com', 'user12', 'user12', 'Default'),
(13, 'Miss', 'Macey', 'Singleton', '1 65 204 5130-3133', '2', 'ornare', 'P.O. Box 911, 1877 Lacus. Rd.', 'Vincennes', 'CMN', 'YX8 9WH', 'cursus.diam@quis.org', 'user13', 'user13', 'Administrator'),
(14, 'Ms', 'Abbot', 'Mejia', '1 52 807 7990-0085', '4', 'ipsum.', '128-362 Mauris Rd.', 'Sutter Creek', 'AYR', 'F7 6UV', 'semper.cursus@Phasellus.com', 'user14', 'user14', 'Default'),
(15, 'Mr', 'Blythe', 'Robertson', '1 59 830 8959-3194', '6', 'Nam nulla', '1024 Ligula. Rd.', 'Carolina', 'CLK', 'P4X 4PU', 'Etiam.laoreet@fermentumfermentum.org', 'user15', 'user15', 'Project Manager'),
(16, 'Mrs', 'Vielka', 'Hayes', '1 57 522 7587-1456', '9', 'Integer vitae', '759-2841 Ornare, Av.', 'Vallejo', 'WGM', 'N35 2UC', 'velit.Quisque@sodaleselit.edu', 'user16', 'user16', 'Default'),
(17, 'Mrs', 'Constance', 'Wolfe', '1 15 800 8116-7460', '4', 'Donec elementum, lorem', 'P.O. Box 640, 7351 Etiam St.', 'Saint Cloud', 'DEV', 'H7 7DQ', 'scelerisque.lorem@interdum.org', 'user17', 'user17', 'Default'),
(18, 'Mr', 'Fuller', 'Lancaster', '1 61 176 3962-3618', '3', 'In mi', 'Ap #214-3841 Tempor, Street', 'Beverly', 'Co. Kerry', 'S78 1VP', 'eget.tincidunt.dui@et.org', 'user18', 'user18', 'Administrator'),
(19, 'Ms', 'Ivory', 'Acosta', '1 26 742 4998-0827', '6', 'Sed congue,', '405-6370 In, Ave', 'Frederiksted', 'Stirlingshire', 'OB47 7QR', 'libero@nunc.org', 'user19', 'user19', 'Project Manager'),
(20, 'Mr', 'Fatima', 'Potter', '1 88 278 6847-3237', '5', 'erat vitae', 'Ap #700-2718 Amet, Rd.', 'Saint Joseph', 'KKD', 'P64 7NK', 'elit@tempus.com', 'user20', 'user20', 'Default');

-- --------------------------------------------------------

--
-- Table structure for table `workedon`
--

CREATE TABLE IF NOT EXISTS `workedon` (
  `proID` int(8) NOT NULL,
  `useID` int(8) NOT NULL,
  KEY `proID` (`proID`),
  KEY `useID` (`useID`)
) ENGINE=InnoDB DEFAULT CHARSET=utf8;

--
-- Dumping data for table `workedon`
--

INSERT INTO `workedon` (`proID`, `useID`) VALUES
(9, 20),
(15, 13),
(30, 13),
(33, 1),
(26, 17),
(1, 7),
(12, 19),
(43, 10),
(47, 6),
(12, 16),
(5, 17),
(8, 14),
(27, 2),
(45, 2),
(48, 17),
(8, 3),
(40, 10),
(38, 8),
(4, 8),
(22, 12),
(12, 9),
(45, 10),
(19, 15),
(48, 7),
(2, 4),
(5, 3),
(1, 5),
(39, 11),
(17, 14),
(30, 6),
(25, 16),
(20, 6),
(11, 4),
(34, 6),
(28, 2),
(43, 16),
(26, 16),
(14, 18),
(25, 5),
(10, 11),
(21, 6),
(33, 9),
(26, 9),
(48, 17),
(5, 11),
(6, 12),
(15, 11),
(44, 10),
(34, 11),
(39, 5),
(32, 13),
(1, 3),
(19, 6),
(2, 18),
(25, 5),
(21, 18),
(24, 2),
(15, 20),
(25, 5),
(41, 12),
(40, 19),
(8, 2),
(23, 1),
(30, 3),
(29, 8),
(17, 4),
(49, 7),
(17, 8),
(31, 7),
(12, 2),
(28, 13),
(49, 1),
(36, 6),
(50, 4),
(26, 17),
(39, 6),
(38, 19),
(20, 4),
(48, 20),
(15, 11),
(16, 13),
(35, 6),
(48, 1),
(33, 12),
(19, 18),
(33, 19),
(27, 13),
(47, 5),
(45, 19),
(21, 8),
(37, 4),
(35, 10),
(5, 2),
(34, 1),
(3, 20),
(28, 8),
(30, 5),
(33, 11),
(14, 7),
(5, 13),
(10, 15),
(28, 15),
(18, 10),
(48, 5),
(21, 8),
(31, 3),
(27, 7),
(32, 13),
(20, 6),
(34, 9),
(13, 5),
(40, 17),
(24, 10),
(19, 15),
(39, 10),
(18, 20),
(10, 18),
(35, 11),
(19, 13),
(38, 16),
(1, 8),
(47, 11),
(34, 12),
(9, 2),
(43, 17),
(26, 2),
(3, 6),
(47, 11),
(38, 6),
(13, 11),
(38, 12),
(25, 19),
(25, 4),
(23, 18),
(41, 5),
(32, 17),
(29, 12),
(18, 6),
(6, 11),
(17, 20),
(18, 17),
(3, 9),
(7, 20),
(47, 18),
(14, 4),
(20, 1),
(39, 18),
(49, 6),
(3, 9),
(6, 18),
(32, 15),
(35, 5),
(15, 1),
(24, 8),
(28, 16),
(18, 19),
(32, 8),
(17, 15),
(19, 6),
(32, 13),
(23, 1),
(34, 5),
(45, 13),
(24, 20),
(4, 12),
(42, 14),
(16, 11),
(46, 13),
(28, 8),
(1, 2),
(9, 8),
(1, 17),
(38, 7),
(28, 3),
(30, 4),
(39, 1),
(10, 9),
(14, 2),
(5, 15),
(3, 4),
(16, 18),
(43, 13),
(19, 16),
(12, 19),
(7, 5),
(1, 7),
(30, 1),
(7, 7),
(18, 14),
(23, 19),
(43, 5),
(50, 1),
(34, 6),
(7, 16),
(50, 4),
(46, 7),
(3, 16),
(48, 9),
(26, 4),
(18, 14);
