-- phpMyAdmin SQL Dump
-- version 3.1.3.2
-- http://www.phpmyadmin.net
--
-- Host: localhost
-- Generation Time: Jul 10, 2009 at 02:00 PM
-- Server version: 5.0.75
-- PHP Version: 5.3.0

SET SQL_MODE="NO_AUTO_VALUE_ON_ZERO";

--
-- Database: `zend`
--

-- --------------------------------------------------------

--
-- Table structure for table `products`
--

CREATE TABLE IF NOT EXISTS `products` (
  `sku` int(8) NOT NULL COMMENT 'SKU number',
  `pid` char(32) NOT NULL COMMENT 'Product ID',
  `unit` varchar(255) NOT NULL COMMENT 'How sold',
  `cost` decimal(10,2) NOT NULL,
  `qty_oh` int(6) NOT NULL COMMENT 'Quantity on hand',
  PRIMARY KEY  (`sku`)
) ENGINE=MyISAM DEFAULT CHARSET=latin1;

--
-- Dumping data for table `products`
--

INSERT INTO `products` (`sku`, `pid`, `unit`, `cost`, `qty_oh`) VALUES
(16751, ' #53', ' CD/2', 15.44, 434),
(16750, ' #53', ' Box/10', 13.35, 506),
(16753, ' #57', ' CD/2', 43.22, 595),
(16752, ' #57', ' Box/10', 97.43, 263),
(16755, ' #67', ' CD/2', 60.03, 93),
(16754, ' #67', ' Box/10', 93.81, 85),
(16756, ' #68', ' CD/2', 96.77, 710),
(11971, ' #71', ' CD/2', 35.05, 993),
(16757, ' #89', ' CD/2', 45.83, 808),
(16747, ' #JC10W', ' CD/2', 13.09, 172),
(16759, ' #90', ' CD/2', 67.43, 362),
(14665, ' #90', ' Box/10', 30.08, 542),
(16760, ' #93', ' CD/2', 10.66, 43),
(15752, ' #93', ' Box/10', 31.55, 424),
(16761, ' #94', ' CD/2', 67.42, 299),
(16800, ' #194', ' CD/2', 64.92, 352),
(16762, ' #194', ' Box/10', 46.98, 754),
(16763, ' #211', ' CD/2', 89.41, 958),
(16764, ' #211-2', ' CD/2', 19.90, 941),
(16793, ' #212-2', ' CD/2', 54.73, 246),
(16801, ' #912', ' CD/2', 99.19, 392),
(15755, ' #912', ' Box/10', 87.69, 791),
(16765, ' #906', ' CD/2', 82.64, 379),
(15754, ' #906', ' Box/10', 67.72, 636),
(16802, ' #921', ' CD/2', 28.52, 465),
(16794, ' #921', ' Box/10', 62.82, 914),
(16795, ' #922', ' CD/2', 18.44, 24),
(16768, ' #1003', ' CD/2', 96.74, 167),
(16766, ' #1003', ' Box/10', 13.49, 531),
(16769, ' #1004', ' CD/2', 31.78, 286),
(16770, ' #1016', ' CD/2', 26.55, 136),
(16771, ' #1034', ' CD/2', 16.20, 922),
(16772, ' #1073', ' CD/2', 45.12, 791),
(16774, ' #1076', ' CD/2', 69.77, 731),
(16773, ' #1076', ' Box/10', 13.63, 184),
(16775, ' #1139-IF', ' CD/2', 5.15, 884),
(16777, ' #1141', ' CD/2', 63.59, 816),
(16776, ' #1141', ' Box/10', 10.41, 893),
(16778, ' #1141-IF', ' CD/2', 40.20, 877),
(16779, ' #1142', ' CD/2', 9.42, 623),
(16780, ' #1143', ' CD/2', 23.49, 65),
(16781, ' #1154', ' CD/2', 7.63, 239),
(16783, ' #1156', ' CD/2', 39.49, 164),
(16782, ' #1156', ' Box/10', 34.14, 107),
(16785, ' #1157', ' CD/2', 39.17, 663),
(16784, ' #1157', ' Box/10', 6.92, 463),
(16786, ' #1157NA', ' CD/2', 99.05, 459),
(16787, ' #1176', ' CD/2', 86.15, 416),
(16788, ' #1383', ' CD/2', 96.32, 420),
(15758, ' #1383', ' Box/10', 18.96, 400),
(16804, ' #1414', ' CD/2', 40.89, 661),
(16789, ' #1651', ' CD/2', 95.52, 811),
(16790, ' #1847', ' CD/2', 6.65, 190),
(16792, ' #1895', ' CD/2', 23.53, 40),
(16791, ' #1895', ' Box/10', 63.25, 447),
(16797, ' #3156', ' CD/2', 35.17, 655),
(16798, ' #3157', ' CD/2', 86.35, 954),
(16814, ' #JB-12', ' CD/2', 81.68, 470),
(16805, ' #J128-IF', ' CD/2', 31.91, 821);

-- --------------------------------------------------------

--
-- Table structure for table `purchases`
--

CREATE TABLE IF NOT EXISTS `purchases` (
  `sku` int(8) NOT NULL COMMENT 'Product SKU Num',
  `po_num` char(32) NOT NULL COMMENT 'Purchase Order',
  `date` timestamp NOT NULL default CURRENT_TIMESTAMP COMMENT 'Purchase Date',
  `qty` int(8) NOT NULL COMMENT 'Qty Purchased',
  `price` decimal(10,2) NOT NULL COMMENT 'Selling Price',
  PRIMARY KEY  (`sku`,`po_num`)
) ENGINE=MyISAM DEFAULT CHARSET=latin1;

--
-- Dumping data for table `purchases`
--

INSERT INTO `purchases` (`sku`, `po_num`, `date`, `qty`, `price`) VALUES
(11971, '1001', '2009-05-28 12:03:29', 10, 40.00),
(11971, '1004', '2009-05-28 12:03:29', 15, 41.04),
(15752, '1006', '2009-05-19 12:06:17', 29, 34.98),
(15754, '1007', '2009-05-04 12:06:24', 88, 99.99),
(16755, '1008', '2009-05-18 12:06:29', 5, 75.00),
(16763, '1009', '2009-05-12 12:06:56', 200, 101.11),
(16775, '1011', '2009-05-19 23:01:29', 127, 9.99),
(16790, '1012', '2009-05-17 23:01:34', 44, 12.98),
(16790, '1013', '2009-05-26 23:02:30', 92, 11.99),
(16750, '1014', '2009-05-21 23:03:05', 87, 19.95),
(15758, '1015', '2009-05-28 23:04:02', 20, 34.95);

-- --------------------------------------------------------

--
-- Table structure for table `test`
--

CREATE TABLE IF NOT EXISTS `test` (
  `test_key` int(8) NOT NULL,
  `test_value` varchar(255) collate utf8_unicode_ci NOT NULL,
  `test_index` int(8) NOT NULL auto_increment,
  PRIMARY KEY  (`test_index`)
) ENGINE=MyISAM  DEFAULT CHARSET=utf8 COLLATE=utf8_unicode_ci COMMENT='Test' AUTO_INCREMENT=163 ;

--
-- Dumping data for table `test`
--

INSERT INTO `test` (`test_key`, `test_value`, `test_index`) VALUES
(795139, '28-05-2009 20:35:38', 73),
(117578, '28-05-2009 20:35:39', 74),
(381033, '28-05-2009 20:35:40', 75),
(625852, '28-05-2009 20:35:41', 76),
(696216, '28-05-2009 20:35:42', 77),
(973885, '28-05-2009 20:35:43', 78),
(809347, '28-05-2009 20:35:44', 79),
(972581, '28-05-2009 20:35:45', 80),
(426822, '28-05-2009 20:35:46', 81),
(417268, '28-05-2009 20:35:47', 82),
(76426, '28-05-2009 20:35:48', 83),
(864004, '28-05-2009 20:35:49', 84),
(806436, '28-05-2009 20:35:50', 85),
(35788, '28-05-2009 20:35:51', 86),
(141258, '28-05-2009 20:35:52', 87),
(424641, '28-05-2009 20:35:53', 88),
(282907, '28-05-2009 20:35:54', 89),
(599920, '28-05-2009 20:35:55', 90),
(451523, '28-05-2009 20:35:56', 91),
(182844, '28-05-2009 20:35:57', 92),
(258878, '29-05-2009 15:35:57', 93),
(817654, '29-05-2009 15:35:57', 94),
(98674, '29-05-2009 15:35:57', 95),
(733487, '29-05-2009 15:35:57', 96),
(236341, '29-05-2009 15:35:57', 97),
(883848, '29-05-2009 15:35:57', 98),
(441972, '29-05-2009 15:35:57', 99),
(760940, '29-05-2009 15:35:57', 100),
(225532, '29-05-2009 15:35:57', 101),
(987564, '29-05-2009 15:35:57', 102),
(255580, '29-05-2009 15:36:01', 103),
(717227, '29-05-2009 15:36:01', 104),
(298823, '29-05-2009 15:36:01', 105),
(940963, '29-05-2009 15:36:01', 106),
(998686, '29-05-2009 15:36:01', 107),
(236416, '29-05-2009 15:36:01', 108),
(683862, '29-05-2009 15:36:01', 109),
(522023, '29-05-2009 15:36:01', 110),
(100532, '29-05-2009 15:36:01', 111),
(502893, '29-05-2009 15:36:01', 112),
(187883, '29-05-2009 15:36:09', 113),
(664982, '29-05-2009 15:36:09', 114),
(619315, '29-05-2009 15:36:09', 115),
(579148, '29-05-2009 15:36:09', 116),
(322123, '29-05-2009 15:36:09', 117),
(12101, '29-05-2009 15:36:09', 118),
(821387, '29-05-2009 15:36:09', 119),
(736599, '29-05-2009 15:36:09', 120),
(569041, '29-05-2009 15:36:09', 121),
(964123, '29-05-2009 15:36:09', 122),
(412945, '29-05-2009 15:36:13', 123),
(827918, '29-05-2009 15:36:13', 124),
(781778, '29-05-2009 15:36:13', 125),
(511619, '29-05-2009 15:36:13', 126),
(561406, '29-05-2009 15:36:13', 127),
(18119, '29-05-2009 15:36:13', 128),
(395468, '29-05-2009 15:36:13', 129),
(3378, '29-05-2009 15:36:13', 130),
(779058, '29-05-2009 15:36:13', 131),
(620999, '29-05-2009 15:36:13', 132),
(911926, '29-05-2009 15:36:41', 133),
(460434, '29-05-2009 15:36:42', 134),
(424644, '29-05-2009 15:36:43', 135),
(447216, '29-05-2009 15:36:44', 136),
(619347, '29-05-2009 15:36:45', 137),
(940474, '29-05-2009 15:36:46', 138),
(808451, '29-05-2009 15:36:47', 139),
(570591, '29-05-2009 15:36:48', 140),
(676228, '29-05-2009 15:36:49', 141),
(867975, '29-05-2009 15:36:50', 142),
(908754, '29-05-2009 15:36:51', 143),
(925305, '29-05-2009 15:36:52', 144),
(644664, '29-05-2009 15:36:53', 145),
(512189, '29-05-2009 15:36:54', 146),
(297669, '29-05-2009 15:36:55', 147),
(127967, '29-05-2009 15:36:56', 148),
(494095, '29-05-2009 15:36:57', 149),
(40288, '29-05-2009 15:36:58', 150),
(230584, '29-05-2009 15:36:59', 151),
(21101, '29-05-2009 15:37:00', 152),
(827564, '31-05-2009 13:12:57', 153),
(834962, '31-05-2009 13:12:58', 154),
(170638, '31-05-2009 13:12:59', 155),
(600965, '31-05-2009 13:13:00', 156),
(140633, '31-05-2009 13:13:01', 157),
(21788, '31-05-2009 13:13:02', 158),
(128329, '31-05-2009 13:13:03', 159),
(354491, '31-05-2009 13:13:04', 160),
(57382, '31-05-2009 13:13:05', 161),
(308090, '31-05-2009 13:13:06', 162);
